,User,Method,DecisionTime,PlayerAction,QuestionNumber,QuizFile,Time,Correct,IPAddress
0,14c0e24b,MCTS_Knowledge,2.50671387,32,0,cross_0,2023-08-04 04:45:40.530,False,
1,14c0e24b,MCTS_Knowledge,5.222412,26,1,rainbow_0,2023-08-04 04:45:45.880,False,
2,14c0e24b,MCTS_Knowledge,7.78240967,97,2,vertical_0,2023-08-04 04:45:53.805,False,
3,14c0e24b,MCTS_Knowledge,4.67108154,107,3,bomb_1,2023-08-04 04:45:58.605,True,
4,14c0e24b,MCTS_Knowledge,2.283081,116,4,cross_1,2023-08-04 04:46:01.009,False,
5,14c0e24b,MCTS_Knowledge,2.30627441,84,5,horizon_1,2023-08-04 04:46:03.427,False,
6,14c0e24b,MCTS_Knowledge,5.444092,44,6,rainbow_0,2023-08-04 04:46:09.011,True,
7,14c0e24b,MCTS_Knowledge,3.73980713,16,7,rocket_0,2023-08-04 04:46:12.871,False,
8,14c0e24b,MCTS_Knowledge,4.11566162,51,8,rocket_0,2023-08-04 04:46:17.115,False,
9,14c0e24b,MCTS_Knowledge,3.53771973,25,9,vertical_1,2023-08-04 04:46:20.773,True,
10,14c0e24b,MCTS_Knowledge,2.17218018,91,10,horizon_0,2023-08-04 04:46:23.062,False,
11,14c0e24b,MCTS_Knowledge,2.32684326,117,11,bomb_0,2023-08-04 04:46:25.506,False,
12,1a1b31b1,MCTS_Knowledge,6.002136,117,0,rainbow_0,2023-08-04 04:38:53.830,False,
13,1a1b31b1,MCTS_Knowledge,7.60150146,121,1,rocket_0,2023-08-04 04:39:01.568,False,
14,1a1b31b1,MCTS_Knowledge,23.3415527,42,2,bomb_0,2023-08-04 04:39:25.033,True,
15,1a1b31b1,MCTS_Knowledge,10.4210205,56,3,cross_0,2023-08-04 04:39:35.573,False,
16,1a1b31b1,MCTS_Knowledge,7.427185,57,4,horizon_0,2023-08-04 04:39:43.122,False,
17,1a1b31b1,MCTS_Knowledge,22.0588989,121,5,rocket_0,2023-08-04 04:40:05.305,False,
18,1a1b31b1,MCTS_Knowledge,27.1586914,117,6,vertical_1,2023-08-04 04:40:32.572,False,
19,1a1b31b1,MCTS_Knowledge,0.3723755,117,7,vertical_0,2023-08-04 04:40:33.056,False,
20,1a1b31b1,MCTS_Knowledge,10.4198,46,8,bomb_1,2023-08-04 04:40:43.586,False,
21,1a1b31b1,MCTS_Knowledge,4.7177124,116,9,cross_1,2023-08-04 04:40:48.440,False,
22,1a1b31b1,MCTS_Knowledge,7.81030273,54,10,rainbow_0,2023-08-04 04:40:56.372,False,
23,1a1b31b1,MCTS_Knowledge,15.7076416,124,11,horizon_1,2023-08-04 04:41:12.202,True,
24,211700f2,MCTS_Knowledge,92.1943359,8,0,vertical_1,2023-08-04 04:21:35.773,False,
25,211700f2,MCTS_Knowledge,27.82129,19,1,rainbow_0,2023-08-04 04:22:04.038,False,
26,211700f2,MCTS_Knowledge,15.2648926,8,2,bomb_1,2023-08-04 04:22:19.328,False,
27,211700f2,MCTS_Knowledge,30.8415527,1,3,vertical_0,2023-08-04 04:22:50.176,False,
28,211700f2,MCTS_Knowledge,14.53125,17,4,horizon_0,2023-08-04 04:23:04.715,False,
29,211700f2,MCTS_Knowledge,9.447632,10,5,rocket_0,2023-08-04 04:23:14.168,False,
30,211700f2,MCTS_Knowledge,21.85376,65,6,cross_1,2023-08-04 04:23:36.030,False,
31,211700f2,MCTS_Knowledge,10.2351074,104,7,bomb_0,2023-08-04 04:23:46.271,False,
32,211700f2,MCTS_Knowledge,12.27124,78,8,rocket_0,2023-08-04 04:23:58.547,False,
33,211700f2,MCTS_Knowledge,16.2833252,6,9,cross_0,2023-08-04 04:24:14.836,False,
34,211700f2,MCTS_Knowledge,27.3255615,8,10,horizon_1,2023-08-04 04:24:42.183,False,
35,211700f2,MCTS_Knowledge,56.15808,10,11,rainbow_0,2023-08-04 04:25:38.667,False,
36,2602d813,MCTS_Knowledge,4.250305,116,0,rainbow_0,2023-08-04 05:05:58.822,False,
37,2602d813,MCTS_Knowledge,2.30340576,116,1,cross_1,2023-08-04 05:06:01.250,False,
38,2602d813,MCTS_Knowledge,2.30010986,116,2,rainbow_0,2023-08-04 05:06:03.689,False,
39,2602d813,MCTS_Knowledge,4.228882,92,3,vertical_0,2023-08-04 05:06:08.053,False,
40,2602d813,MCTS_Knowledge,2.73480225,91,4,cross_0,2023-08-04 05:06:10.923,False,
41,2602d813,MCTS_Knowledge,21.4733887,18,5,vertical_1,2023-08-04 05:06:32.528,False,
42,2602d813,MCTS_Knowledge,4.4831543,121,6,rocket_0,2023-08-04 05:06:37.143,False,
43,2602d813,MCTS_Knowledge,4.87207031,49,7,bomb_0,2023-08-04 05:06:42.135,False,
44,2602d813,MCTS_Knowledge,2.59002686,120,8,horizon_0,2023-08-04 05:06:44.837,False,
45,2602d813,MCTS_Knowledge,2.46118164,121,9,rocket_0,2023-08-04 05:06:47.432,False,
46,2602d813,MCTS_Knowledge,5.868225,75,10,horizon_1,2023-08-04 05:06:53.423,False,
47,2602d813,MCTS_Knowledge,2.45770264,46,11,bomb_1,2023-08-04 05:06:56.017,False,
48,2b767f12,MCTS_Knowledge,8.765747,60,0,rocket_0,2023-08-04 08:02:11.616,False,
49,2b767f12,MCTS_Knowledge,109.912354,0,1,bomb_0,2023-08-04 08:04:01.673,False,
50,2b767f12,MCTS_Knowledge,4.584839,18,2,vertical_1,2023-08-04 08:04:06.394,False,
51,2b767f12,MCTS_Knowledge,7.76159668,44,3,rainbow_0,2023-08-04 08:04:14.299,True,
52,2b767f12,MCTS_Knowledge,9.221436,116,4,rainbow_0,2023-08-04 08:04:23.664,False,
53,2b767f12,MCTS_Knowledge,18.225708,18,5,horizon_1,2023-08-04 08:04:42.040,False,
54,2b767f12,MCTS_Knowledge,3.87878418,75,6,bomb_1,2023-08-04 08:04:46.054,False,
55,2b767f12,MCTS_Knowledge,4.944214,91,7,cross_0,2023-08-04 08:04:51.131,False,
56,2b767f12,MCTS_Knowledge,8.18457,113,8,vertical_0,2023-08-04 08:04:59.458,False,
57,2b767f12,MCTS_Knowledge,2.67285156,16,9,rocket_0,2023-08-04 08:05:02.280,False,
58,2b767f12,MCTS_Knowledge,3.01464844,88,10,horizon_0,2023-08-04 08:05:05.422,False,
59,2b767f12,MCTS_Knowledge,11.0858154,58,11,cross_1,2023-08-04 08:05:16.654,False,
60,32e399ef,MCTS_Knowledge,3.33587646,11,0,bomb_1,2023-08-04 03:55:18.129,False,
61,32e399ef,MCTS_Knowledge,7.3828125,78,1,rocket_0,2023-08-04 03:55:25.672,False,
62,32e399ef,MCTS_Knowledge,10.9985962,65,2,vertical_1,2023-08-04 03:55:36.821,False,
63,32e399ef,MCTS_Knowledge,7.940918,16,3,rainbow_0,2023-08-04 03:55:44.913,False,
64,32e399ef,MCTS_Knowledge,2.41186523,16,4,rainbow_0,2023-08-04 03:55:47.464,False,
65,32e399ef,MCTS_Knowledge,5.17272949,64,5,bomb_0,2023-08-04 03:55:52.794,False,
66,32e399ef,MCTS_Knowledge,7.59069824,35,6,vertical_0,2023-08-04 03:56:00.516,False,
67,32e399ef,MCTS_Knowledge,11.4937134,75,7,horizon_1,2023-08-04 03:56:12.145,False,
68,32e399ef,MCTS_Knowledge,2.73730469,75,8,cross_1,2023-08-04 03:56:15.027,False,
69,32e399ef,MCTS_Knowledge,2.954895,75,9,horizon_0,2023-08-04 03:56:18.124,False,
70,32e399ef,MCTS_Knowledge,13.4413452,10,10,rocket_0,2023-08-04 03:56:31.737,False,
71,32e399ef,MCTS_Knowledge,3.032959,6,11,cross_0,2023-08-04 03:56:34.899,False,
72,3896c8d1,MCTS_Knowledge,6.668396,81,0,rocket_0,2023-08-04 04:31:47.026,False,
73,3896c8d1,MCTS_Knowledge,21.44989,1,1,vertical_0,2023-08-04 04:32:08.598,False,
74,3896c8d1,MCTS_Knowledge,7.80126953,75,2,horizon_1,2023-08-04 04:32:16.511,False,
75,3896c8d1,MCTS_Knowledge,3.5994873,16,3,rocket_0,2023-08-04 04:32:20.240,False,
76,3896c8d1,MCTS_Knowledge,2.690796,42,4,bomb_0,2023-08-04 04:32:23.055,True,
77,3896c8d1,MCTS_Knowledge,6.11322,107,5,bomb_1,2023-08-04 04:32:29.283,True,
78,3896c8d1,MCTS_Knowledge,3.16015625,75,6,cross_1,2023-08-04 04:32:32.561,False,
79,3896c8d1,MCTS_Knowledge,4.331665,92,7,rainbow_0,2023-08-04 04:32:37.015,False,
80,3896c8d1,MCTS_Knowledge,7.062744,75,8,vertical_1,2023-08-04 04:32:44.187,False,
81,3896c8d1,MCTS_Knowledge,2.828247,91,9,horizon_0,2023-08-04 04:32:47.137,False,
82,3896c8d1,MCTS_Knowledge,2.03527832,24,10,cross_0,2023-08-04 04:32:49.292,True,
83,3896c8d1,MCTS_Knowledge,5.38659668,84,11,rainbow_0,2023-08-04 04:32:54.798,False,
84,399c05ac,MCTS_Knowledge,83.8269043,121,0,rocket_0,2023-08-04 04:59:48.843,False,
85,399c05ac,MCTS_Knowledge,31.8928223,8,1,bomb_1,2023-08-04 05:00:21.826,False,
86,399c05ac,MCTS_Knowledge,44.5998535,44,2,rainbow_0,2023-08-04 05:01:07.218,True,
87,399c05ac,MCTS_Knowledge,31.6481934,51,3,horizon_0,2023-08-04 05:01:39.556,False,
88,399c05ac,MCTS_Knowledge,41.59912,25,4,horizon_1,2023-08-04 05:02:21.920,False,
89,399c05ac,MCTS_Knowledge,8.158936,46,5,vertical_0,2023-08-04 05:02:30.093,False,
90,399c05ac,MCTS_Knowledge,14.6418457,75,6,cross_1,2023-08-04 05:02:45.615,False,
91,399c05ac,MCTS_Knowledge,18.2348633,78,7,bomb_0,2023-08-04 05:03:03.874,False,
92,399c05ac,MCTS_Knowledge,39.1599121,44,8,vertical_1,2023-08-04 05:03:43.848,False,
93,399c05ac,MCTS_Knowledge,21.6359863,51,9,rocket_0,2023-08-04 05:04:05.496,False,
94,399c05ac,MCTS_Knowledge,80.37305,34,10,cross_0,2023-08-04 05:05:25.880,False,
95,399c05ac,MCTS_Knowledge,22.0959473,106,11,rainbow_0,2023-08-04 05:05:47.984,False,
96,4722edc2,MCTS_Knowledge,28.9277954,99,0,rocket_0,2023-08-04 04:33:49.092,False,
97,4722edc2,MCTS_Knowledge,8.378784,98,1,cross_1,2023-08-04 04:33:57.648,False,
98,4722edc2,MCTS_Knowledge,5.55599976,44,2,vertical_1,2023-08-04 04:34:03.301,False,
99,4722edc2,MCTS_Knowledge,9.57208252,46,3,cross_0,2023-08-04 04:34:13.049,False,
100,4722edc2,MCTS_Knowledge,2.10211182,26,4,rainbow_0,2023-08-04 04:34:15.256,False,
101,4722edc2,MCTS_Knowledge,3.213623,107,5,bomb_1,2023-08-04 04:34:18.557,True,
102,4722edc2,MCTS_Knowledge,2.28717041,99,6,rocket_0,2023-08-04 04:34:20.930,False,
103,4722edc2,MCTS_Knowledge,3.96228027,44,7,rainbow_0,2023-08-04 04:34:25.087,True,
104,4722edc2,MCTS_Knowledge,4.0567627,51,8,horizon_0,2023-08-04 04:34:29.327,False,
105,4722edc2,MCTS_Knowledge,6.080017,104,9,bomb_0,2023-08-04 04:34:35.492,False,
106,4722edc2,MCTS_Knowledge,5.36352539,44,10,horizon_1,2023-08-04 04:34:40.965,False,
107,4722edc2,MCTS_Knowledge,4.55499268,121,11,vertical_0,2023-08-04 04:34:45.618,False,
108,513c2bc8,MCTS_Knowledge,3.59698486,106,0,rainbow_0,2023-08-04 05:02:51.365,False,
109,513c2bc8,MCTS_Knowledge,2.98034668,25,1,horizon_1,2023-08-04 05:02:54.463,False,
110,513c2bc8,MCTS_Knowledge,3.84436035,31,2,cross_1,2023-08-04 05:02:58.423,False,
111,513c2bc8,MCTS_Knowledge,6.85870361,46,3,bomb_1,2023-08-04 05:03:05.398,False,
112,513c2bc8,MCTS_Knowledge,6.48510742,38,4,bomb_0,2023-08-04 05:03:12.001,False,
113,513c2bc8,MCTS_Knowledge,4.75177,16,5,rocket_0,2023-08-04 05:03:16.891,False,
114,513c2bc8,MCTS_Knowledge,3.54620361,44,6,rainbow_0,2023-08-04 05:03:20.564,True,
115,513c2bc8,MCTS_Knowledge,11.7980957,50,7,vertical_0,2023-08-04 05:03:32.479,False,
116,513c2bc8,MCTS_Knowledge,6.93817139,88,8,horizon_0,2023-08-04 05:03:39.549,False,
117,513c2bc8,MCTS_Knowledge,3.635254,16,9,rocket_0,2023-08-04 05:03:43.308,False,
118,513c2bc8,MCTS_Knowledge,8.839539,75,10,vertical_1,2023-08-04 05:03:52.267,False,
119,513c2bc8,MCTS_Knowledge,3.43707275,24,11,cross_0,2023-08-04 05:03:55.837,True,
120,54b27ea8,MCTS_Knowledge,20.5635986,19,0,rainbow_0,2023-08-04 04:25:15.525,False,
121,54b27ea8,MCTS_Knowledge,19.2380981,25,1,horizon_1,2023-08-04 04:25:34.883,False,
122,54b27ea8,MCTS_Knowledge,11.3112793,75,2,rocket_0,2023-08-04 04:25:46.324,False,
123,54b27ea8,MCTS_Knowledge,2.96759033,83,3,horizon_0,2023-08-04 04:25:49.413,False,
124,54b27ea8,MCTS_Knowledge,12.4144287,24,4,cross_0,2023-08-04 04:26:01.943,True,
125,54b27ea8,MCTS_Knowledge,8.245544,16,5,rocket_0,2023-08-04 04:26:10.308,False,
126,54b27ea8,MCTS_Knowledge,4.918274,116,6,vertical_1,2023-08-04 04:26:15.348,False,
127,54b27ea8,MCTS_Knowledge,13.9349976,10,7,bomb_1,2023-08-04 04:26:29.431,False,
128,54b27ea8,MCTS_Knowledge,2.96569824,10,8,bomb_0,2023-08-04 04:26:32.529,False,
129,54b27ea8,MCTS_Knowledge,9.11792,37,9,cross_1,2023-08-04 04:26:41.764,False,
130,54b27ea8,MCTS_Knowledge,3.82580566,84,10,rainbow_0,2023-08-04 04:26:45.723,False,
131,54b27ea8,MCTS_Knowledge,13.5114746,15,11,vertical_0,2023-08-04 04:26:59.358,True,
132,5ace3e0e,MCTS_Knowledge,4.402466,75,0,cross_1,2023-08-04 01:38:06.528,False,
133,5ace3e0e,MCTS_Knowledge,5.706909,7,1,bomb_0,2023-08-04 01:38:12.514,False,
134,5ace3e0e,MCTS_Knowledge,4.404419,16,2,rocket_0,2023-08-04 01:38:17.213,False,
135,5ace3e0e,MCTS_Knowledge,4.29296875,26,3,vertical_0,2023-08-04 01:38:21.751,False,
136,5ace3e0e,MCTS_Knowledge,3.16223145,75,4,horizon_1,2023-08-04 01:38:25.014,False,
137,5ace3e0e,MCTS_Knowledge,4.860962,34,5,rocket_0,2023-08-04 01:38:30.141,False,
138,5ace3e0e,MCTS_Knowledge,3.84802246,25,6,vertical_1,2023-08-04 01:38:34.257,True,
139,5ace3e0e,MCTS_Knowledge,3.649414,24,7,cross_0,2023-08-04 01:38:38.232,True,
140,5ace3e0e,MCTS_Knowledge,4.1932373,44,8,rainbow_0,2023-08-04 01:38:42.706,True,
141,5ace3e0e,MCTS_Knowledge,2.9519043,44,9,rainbow_0,2023-08-04 01:38:45.946,True,
142,5ace3e0e,MCTS_Knowledge,9.738159,88,10,horizon_0,2023-08-04 01:38:55.949,False,
143,5ace3e0e,MCTS_Knowledge,3.65197754,65,11,bomb_1,2023-08-04 01:38:59.865,False,
144,629c61f5,MCTS_Knowledge,9.13208,44,0,rainbow_0,2023-08-04 04:33:16.613,True,
145,629c61f5,MCTS_Knowledge,0.7225952,44,1,rainbow_0,2023-08-04 04:33:17.486,True,
146,629c61f5,MCTS_Knowledge,10.026001,95,2,horizon_0,2023-08-04 04:33:27.655,False,
147,629c61f5,MCTS_Knowledge,5.530884,17,3,cross_1,2023-08-04 04:33:33.327,False,
148,629c61f5,MCTS_Knowledge,9.265076,60,4,rocket_0,2023-08-04 04:33:42.770,False,
149,629c61f5,MCTS_Knowledge,1.21459961,54,5,rocket_0,2023-08-04 04:33:44.110,False,
150,629c61f5,MCTS_Knowledge,2.71600342,56,6,cross_0,2023-08-04 04:33:46.965,False,
151,629c61f5,MCTS_Knowledge,1.0302124,42,7,bomb_0,2023-08-04 04:33:48.126,True,
152,629c61f5,MCTS_Knowledge,14.5151978,72,8,vertical_0,2023-08-04 04:34:02.793,False,
153,629c61f5,MCTS_Knowledge,7.54058838,44,9,horizon_1,2023-08-04 04:34:10.465,False,
154,629c61f5,MCTS_Knowledge,182.954529,44,10,vertical_1,2023-08-04 04:37:13.567,False,
155,629c61f5,MCTS_Knowledge,2.92999268,11,11,bomb_1,2023-08-04 04:37:16.641,False,
156,62f0f29a,MCTS_Knowledge,10.7529907,115,0,bomb_1,2023-08-04 01:31:43.055,False,
157,62f0f29a,MCTS_Knowledge,7.126526,38,1,bomb_0,2023-08-04 01:31:50.283,False,
158,62f0f29a,MCTS_Knowledge,38.7724,105,2,rainbow_0,2023-08-04 01:32:29.175,False,
159,62f0f29a,MCTS_Knowledge,11.1322021,99,3,rocket_0,2023-08-04 01:32:40.422,False,
160,62f0f29a,MCTS_Knowledge,52.0803833,126,4,horizon_0,2023-08-04 01:33:32.616,False,
161,62f0f29a,MCTS_Knowledge,25.89978,31,5,cross_0,2023-08-04 01:33:58.635,False,
162,62f0f29a,MCTS_Knowledge,28.2475586,116,6,rainbow_0,2023-08-04 01:34:27.001,False,
163,62f0f29a,MCTS_Knowledge,40.6943359,115,7,rocket_0,2023-08-04 01:35:07.855,False,
164,62f0f29a,MCTS_Knowledge,45.2178955,116,8,cross_1,2023-08-04 01:35:53.185,False,
165,62f0f29a,MCTS_Knowledge,139.50354,18,9,vertical_1,2023-08-04 01:38:12.789,False,
166,62f0f29a,MCTS_Knowledge,0.7553711,75,10,horizon_1,2023-08-04 01:38:13.697,False,
167,62f0f29a,MCTS_Knowledge,18.3282471,121,11,vertical_0,2023-08-04 01:38:32.133,False,
168,7e5cae45,MCTS_Knowledge,10.4035034,19,0,rainbow_0,2023-08-04 05:26:24.217,False,
169,7e5cae45,MCTS_Knowledge,15.8362427,46,1,bomb_1,2023-08-04 05:26:40.199,False,
170,7e5cae45,MCTS_Knowledge,5.86376953,54,2,rocket_0,2023-08-04 05:26:46.208,False,
171,7e5cae45,MCTS_Knowledge,1.75500488,54,3,rocket_0,2023-08-04 05:26:48.098,False,
172,7e5cae45,MCTS_Knowledge,8.036499,51,4,bomb_0,2023-08-04 05:26:56.296,False,
173,7e5cae45,MCTS_Knowledge,5.79296875,124,5,horizon_1,2023-08-04 05:27:02.213,True,
174,7e5cae45,MCTS_Knowledge,3.390808,117,6,vertical_0,2023-08-04 05:27:05.733,False,
175,7e5cae45,MCTS_Knowledge,2.99755859,51,7,cross_1,2023-08-04 05:27:08.848,False,
176,7e5cae45,MCTS_Knowledge,6.91265869,46,8,cross_0,2023-08-04 05:27:15.923,False,
177,7e5cae45,MCTS_Knowledge,2.902832,117,9,vertical_1,2023-08-04 05:27:18.973,False,
178,7e5cae45,MCTS_Knowledge,2.282898,121,10,horizon_0,2023-08-04 05:27:21.386,True,
179,7e5cae45,MCTS_Knowledge,8.637817,117,11,rainbow_0,2023-08-04 05:27:30.175,False,
180,91315a2b,MCTS_Knowledge,8.193787,83,0,horizon_0,2023-08-04 05:09:50.890,False,
181,91315a2b,MCTS_Knowledge,19.25293,31,1,bomb_1,2023-08-04 05:10:10.157,False,
182,91315a2b,MCTS_Knowledge,3.01501465,24,2,cross_0,2023-08-04 05:10:13.243,True,
183,91315a2b,MCTS_Knowledge,5.885193,75,3,horizon_1,2023-08-04 05:10:19.196,False,
184,91315a2b,MCTS_Knowledge,4.81726074,31,4,cross_1,2023-08-04 05:10:24.061,False,
185,91315a2b,MCTS_Knowledge,11.5769653,75,5,vertical_1,2023-08-04 05:10:35.670,False,
186,91315a2b,MCTS_Knowledge,21.7550049,106,6,rainbow_0,2023-08-04 05:10:57.514,False,
187,91315a2b,MCTS_Knowledge,33.0374756,44,7,rainbow_0,2023-08-04 05:11:30.567,True,
188,91315a2b,MCTS_Knowledge,16.6075439,51,8,rocket_0,2023-08-04 05:11:47.202,False,
189,91315a2b,MCTS_Knowledge,11.6003418,52,9,bomb_0,2023-08-04 05:11:58.852,False,
190,91315a2b,MCTS_Knowledge,23.479248,33,10,rocket_0,2023-08-04 05:12:22.396,False,
191,91315a2b,MCTS_Knowledge,2.350708,26,11,vertical_0,2023-08-04 05:12:24.801,False,
192,913a3710,MCTS_Knowledge,47.4467773,10,0,bomb_1,2023-08-04 04:24:14.227,False,
193,913a3710,MCTS_Knowledge,7.20910645,124,1,horizon_1,2023-08-04 04:24:21.558,True,
194,913a3710,MCTS_Knowledge,9.562256,91,2,cross_0,2023-08-04 04:24:31.246,False,
195,913a3710,MCTS_Knowledge,26.4818115,1,3,vertical_0,2023-08-04 04:24:57.849,False,
196,913a3710,MCTS_Knowledge,9.509888,51,4,rocket_0,2023-08-04 04:25:07.485,False,
197,913a3710,MCTS_Knowledge,1.92401123,51,5,rocket_0,2023-08-04 04:25:09.535,False,
198,913a3710,MCTS_Knowledge,1.14440918,51,6,cross_1,2023-08-04 04:25:10.805,False,
199,913a3710,MCTS_Knowledge,27.6489868,104,7,bomb_0,2023-08-04 04:25:38.576,False,
200,913a3710,MCTS_Knowledge,11.7529907,25,8,vertical_1,2023-08-04 04:25:50.457,True,
201,913a3710,MCTS_Knowledge,9.263611,44,9,rainbow_0,2023-08-04 04:25:59.874,True,
202,913a3710,MCTS_Knowledge,16.6247559,30,10,horizon_0,2023-08-04 04:26:16.626,False,
203,913a3710,MCTS_Knowledge,3.409851,44,11,rainbow_0,2023-08-04 04:26:20.165,True,
204,99f38975,MCTS_Knowledge,10.8227539,17,0,bomb_0,2023-08-04 06:02:03.437,False,
205,99f38975,MCTS_Knowledge,63.7415771,92,1,vertical_0,2023-08-04 06:03:07.188,False,
206,99f38975,MCTS_Knowledge,41.2531738,25,2,vertical_1,2023-08-04 06:03:48.448,True,
207,99f38975,MCTS_Knowledge,4.958374,45,3,rocket_0,2023-08-04 06:03:53.737,False,
208,99f38975,MCTS_Knowledge,24.17981,24,4,cross_0,2023-08-04 06:04:17.924,True,
209,99f38975,MCTS_Knowledge,44.3347168,46,5,bomb_1,2023-08-04 06:05:02.266,False,
210,99f38975,MCTS_Knowledge,4.79443359,30,6,horizon_0,2023-08-04 06:05:07.067,False,
211,99f38975,MCTS_Knowledge,14.8754883,44,7,horizon_1,2023-08-04 06:05:22.326,False,
212,99f38975,MCTS_Knowledge,4.888672,106,8,rainbow_0,2023-08-04 06:05:27.223,False,
213,99f38975,MCTS_Knowledge,5.265381,58,9,cross_1,2023-08-04 06:05:32.804,False,
214,99f38975,MCTS_Knowledge,3.814331,44,10,rainbow_0,2023-08-04 06:05:36.956,True,
215,99f38975,MCTS_Knowledge,11.9234619,99,11,rocket_0,2023-08-04 06:05:49.194,False,
216,bdad55ea,MCTS_Knowledge,12.5687256,107,0,bomb_1,2023-08-04 04:38:43.090,True,
217,bdad55ea,MCTS_Knowledge,8.722778,18,1,horizon_1,2023-08-04 04:38:51.937,False,
218,bdad55ea,MCTS_Knowledge,19.88379,106,2,rainbow_0,2023-08-04 04:39:11.956,False,
219,bdad55ea,MCTS_Knowledge,5.391968,37,3,cross_1,2023-08-04 04:39:17.478,False,
220,bdad55ea,MCTS_Knowledge,9.892944,50,4,vertical_0,2023-08-04 04:39:27.493,False,
221,bdad55ea,MCTS_Knowledge,5.434082,16,5,rocket_0,2023-08-04 04:39:33.052,False,
222,bdad55ea,MCTS_Knowledge,4.744385,116,6,vertical_1,2023-08-04 04:39:37.925,False,
223,bdad55ea,MCTS_Knowledge,6.854248,28,7,cross_0,2023-08-04 04:39:44.909,False,
224,bdad55ea,MCTS_Knowledge,4.789917,83,8,horizon_0,2023-08-04 04:39:49.833,False,
225,bdad55ea,MCTS_Knowledge,3.13427734,17,9,bomb_0,2023-08-04 04:39:53.095,False,
226,bdad55ea,MCTS_Knowledge,6.50402832,30,10,rainbow_0,2023-08-04 04:39:59.726,False,
227,bdad55ea,MCTS_Knowledge,5.74047852,81,11,rocket_0,2023-08-04 04:40:05.596,False,
228,bf3330de,MCTS_Knowledge,4.609619,51,0,rocket_0,2023-08-04 04:44:19.118,False,
229,bf3330de,MCTS_Knowledge,4.739624,99,1,cross_1,2023-08-04 04:44:24.004,False,
230,bf3330de,MCTS_Knowledge,4.880371,75,2,horizon_1,2023-08-04 04:44:29.067,False,
231,bf3330de,MCTS_Knowledge,5.328247,15,3,vertical_0,2023-08-04 04:44:34.573,True,
232,bf3330de,MCTS_Knowledge,8.604248,83,4,horizon_0,2023-08-04 04:44:43.309,False,
233,bf3330de,MCTS_Knowledge,6.09790039,10,5,bomb_1,2023-08-04 04:44:49.561,False,
234,bf3330de,MCTS_Knowledge,4.328125,51,6,rocket_0,2023-08-04 04:44:54.037,False,
235,bf3330de,MCTS_Knowledge,10.4920654,91,7,cross_0,2023-08-04 04:45:04.715,False,
236,bf3330de,MCTS_Knowledge,4.779297,44,8,rainbow_0,2023-08-04 04:45:09.737,True,
237,bf3330de,MCTS_Knowledge,3.36340332,44,9,rainbow_0,2023-08-04 04:45:13.344,True,
238,bf3330de,MCTS_Knowledge,4.35009766,17,10,bomb_0,2023-08-04 04:45:17.896,False,
239,bf3330de,MCTS_Knowledge,7.097046,65,11,vertical_1,2023-08-04 04:45:25.166,False,
240,cfb52f3e,MCTS_Knowledge,14.1605225,85,0,cross_1,2023-08-04 14:45:52.915,False,
241,cfb52f3e,MCTS_Knowledge,40.0791,25,1,vertical_1,2023-08-04 14:46:33.132,True,
242,cfb52f3e,MCTS_Knowledge,5.439026,91,2,horizon_0,2023-08-04 14:46:38.721,False,
243,cfb52f3e,MCTS_Knowledge,4.72668457,31,3,bomb_1,2023-08-04 14:46:43.565,False,
244,cfb52f3e,MCTS_Knowledge,7.185425,18,4,horizon_1,2023-08-04 14:46:50.883,False,
245,cfb52f3e,MCTS_Knowledge,6.00579834,26,5,vertical_0,2023-08-04 14:46:57.012,False,
246,cfb52f3e,MCTS_Knowledge,5.26239,78,6,rocket_0,2023-08-04 14:47:02.517,False,
247,cfb52f3e,MCTS_Knowledge,5.55285645,92,7,rainbow_0,2023-08-04 14:47:08.188,False,
248,cfb52f3e,MCTS_Knowledge,5.41558838,101,8,bomb_0,2023-08-04 14:47:13.743,False,
249,cfb52f3e,MCTS_Knowledge,4.33929443,34,9,cross_0,2023-08-04 14:47:18.221,False,
250,cfb52f3e,MCTS_Knowledge,9.870972,116,10,rocket_0,2023-08-04 14:47:28.233,False,
251,cfb52f3e,MCTS_Knowledge,6.289917,105,11,rainbow_0,2023-08-04 14:47:34.723,False,
252,da3e5e15,MCTS_Knowledge,0.130981445,24,0,cross_0,2023-08-04 14:45:13.466,True,
253,da3e5e15,MCTS_Knowledge,8.872009,75,1,horizon_1,2023-08-04 14:45:22.487,False,
254,da3e5e15,MCTS_Knowledge,0.2920227,75,2,horizon_0,2023-08-04 14:45:22.931,False,
255,da3e5e15,MCTS_Knowledge,1.16799927,31,3,bomb_1,2023-08-04 14:45:24.256,False,
256,da3e5e15,MCTS_Knowledge,20.5180054,106,4,rainbow_0,2023-08-04 14:45:44.924,False,
257,da3e5e15,MCTS_Knowledge,16.1159668,97,5,vertical_0,2023-08-04 14:46:01.206,False,
258,da3e5e15,MCTS_Knowledge,6.22698975,83,6,cross_1,2023-08-04 14:46:07.597,False,
259,da3e5e15,MCTS_Knowledge,1.60699463,16,7,rocket_0,2023-08-04 14:46:09.349,False,
260,da3e5e15,MCTS_Knowledge,0.5050049,16,8,rainbow_0,2023-08-04 14:46:10.015,False,
261,da3e5e15,MCTS_Knowledge,12.1820068,51,9,rocket_0,2023-08-04 14:46:22.342,False,
262,da3e5e15,MCTS_Knowledge,4.9039917,18,10,vertical_1,2023-08-04 14:46:27.391,False,
263,da3e5e15,MCTS_Knowledge,7.54595947,81,11,bomb_0,2023-08-04 14:46:35.086,False,
264,dd57bd34,MCTS_Knowledge,11.9796753,113,0,rocket_0,2023-08-04 05:45:40.630,True,
265,dd57bd34,MCTS_Knowledge,7.99411,26,1,vertical_0,2023-08-04 05:45:48.747,False,
266,dd57bd34,MCTS_Knowledge,15.5021057,25,2,vertical_1,2023-08-04 05:46:04.383,True,
267,dd57bd34,MCTS_Knowledge,4.532501,99,3,cross_1,2023-08-04 05:46:09.043,False,
268,dd57bd34,MCTS_Knowledge,13.2779846,115,4,horizon_0,2023-08-04 05:46:22.445,False,
269,dd57bd34,MCTS_Knowledge,5.38299561,24,5,cross_0,2023-08-04 05:46:27.960,True,
270,dd57bd34,MCTS_Knowledge,4.24890137,31,6,bomb_1,2023-08-04 05:46:32.361,False,
271,dd57bd34,MCTS_Knowledge,6.66033936,18,7,horizon_1,2023-08-04 05:46:39.146,False,
272,dd57bd34,MCTS_Knowledge,4.767517,113,8,rocket_0,2023-08-04 05:46:44.039,True,
273,dd57bd34,MCTS_Knowledge,5.33770752,64,9,bomb_0,2023-08-04 05:46:49.505,False,
274,dd57bd34,MCTS_Knowledge,4.277405,106,10,rainbow_0,2023-08-04 05:46:53.914,False,
275,dd57bd34,MCTS_Knowledge,2.906128,106,11,rainbow_0,2023-08-04 05:46:56.952,False,
276,e303a9fd,MCTS_Knowledge,56.03961,18,0,cross_1,2023-08-04 17:17:47.154,False,
277,e303a9fd,MCTS_Knowledge,2.95611572,99,1,bomb_0,2023-08-04 17:17:50.224,False,
278,e303a9fd,MCTS_Knowledge,2.95239258,54,2,rainbow_0,2023-08-04 17:17:53.292,False,
279,e303a9fd,MCTS_Knowledge,1.64874268,126,3,horizon_0,2023-08-04 17:17:55.080,False,
280,e303a9fd,MCTS_Knowledge,10.87384,25,4,vertical_1,2023-08-04 17:18:06.058,True,
281,e303a9fd,MCTS_Knowledge,5.81604,91,5,cross_0,2023-08-04 17:18:12.007,False,
282,e303a9fd,MCTS_Knowledge,0.985534668,18,6,horizon_1,2023-08-04 17:18:13.108,False,
283,e303a9fd,MCTS_Knowledge,2.74609375,99,7,rocket_0,2023-08-04 17:18:15.970,False,
284,e303a9fd,MCTS_Knowledge,3.42071533,113,8,rainbow_0,2023-08-04 17:18:19.501,False,
285,e303a9fd,MCTS_Knowledge,2.07189941,115,9,rocket_0,2023-08-04 17:18:21.676,False,
286,e303a9fd,MCTS_Knowledge,6.236084,75,10,bomb_1,2023-08-04 17:18:28.044,False,
287,e303a9fd,MCTS_Knowledge,7.566284,121,11,vertical_0,2023-08-04 17:18:35.755,False,
288,e30a3a35,MCTS_Knowledge,11.0594482,31,0,bomb_1,2023-08-03 14:57:44.541,False,
289,e30a3a35,MCTS_Knowledge,5.11328125,106,1,rainbow_0,2023-08-03 14:57:49.904,False,
290,e30a3a35,MCTS_Knowledge,3.47009277,24,2,cross_0,2023-08-03 14:57:53.575,True,
291,e30a3a35,MCTS_Knowledge,4.000244,18,3,horizon_1,2023-08-03 14:57:57.741,False,
292,e30a3a35,MCTS_Knowledge,3.62939453,116,4,cross_1,2023-08-03 14:58:01.569,False,
293,e30a3a35,MCTS_Knowledge,3.59460449,116,5,rocket_0,2023-08-03 14:58:05.393,False,
294,e30a3a35,MCTS_Knowledge,20.84021,50,6,vertical_0,2023-08-03 14:58:26.432,False,
295,e30a3a35,MCTS_Knowledge,7.36914063,78,7,rocket_0,2023-08-03 14:58:33.981,False,
296,e30a3a35,MCTS_Knowledge,5.71264648,84,8,rainbow_0,2023-08-03 14:58:39.862,False,
297,e30a3a35,MCTS_Knowledge,8.026978,42,9,bomb_0,2023-08-03 14:58:48.032,True,
298,e30a3a35,MCTS_Knowledge,13.5009766,25,10,vertical_1,2023-08-03 14:59:01.811,True,
299,e30a3a35,MCTS_Knowledge,5.970703,24,11,horizon_0,2023-08-03 14:59:07.928,False,
300,e9191369,MCTS_Knowledge,15.8590088,25,0,vertical_1,2023-08-04 05:56:24.882,True,
301,e9191369,MCTS_Knowledge,6.05462646,0,1,bomb_0,2023-08-04 05:56:31.064,False,
302,e9191369,MCTS_Knowledge,7.305908,31,2,bomb_1,2023-08-04 05:56:38.486,False,
303,e9191369,MCTS_Knowledge,2.73687744,44,3,horizon_1,2023-08-04 05:56:41.354,False,
304,e9191369,MCTS_Knowledge,2.30322266,116,4,cross_1,2023-08-04 05:56:43.772,False,
305,e9191369,MCTS_Knowledge,4.50946045,44,5,rainbow_0,2023-08-04 05:56:48.409,True,
306,e9191369,MCTS_Knowledge,2.76116943,121,6,rocket_0,2023-08-04 05:56:51.289,False,
307,e9191369,MCTS_Knowledge,7.088806,0,7,cross_0,2023-08-04 05:56:58.518,False,
308,e9191369,MCTS_Knowledge,2.96502686,116,8,rainbow_0,2023-08-04 05:57:01.612,False,
309,e9191369,MCTS_Knowledge,5.14660645,30,9,horizon_0,2023-08-04 05:57:06.917,False,
310,e9191369,MCTS_Knowledge,5.154358,40,10,rocket_0,2023-08-04 05:57:12.204,False,
311,e9191369,MCTS_Knowledge,5.998657,46,11,vertical_0,2023-08-04 05:57:18.321,False,
312,ec526bd4,MCTS_Knowledge,11.2203979,18,0,horizon_1,2023-08-04 14:49:09.019,False,
313,ec526bd4,MCTS_Knowledge,6.34637451,81,1,rocket_0,2023-08-04 14:49:15.417,False,
314,ec526bd4,MCTS_Knowledge,3.02929688,104,2,bomb_0,2023-08-04 14:49:18.484,False,
315,ec526bd4,MCTS_Knowledge,6.76977539,28,3,cross_0,2023-08-04 14:49:25.295,False,
316,ec526bd4,MCTS_Knowledge,7.884033,44,4,vertical_1,2023-08-04 14:49:33.228,False,
317,ec526bd4,MCTS_Knowledge,9.628723,8,5,bomb_1,2023-08-04 14:49:42.895,False,
318,ec526bd4,MCTS_Knowledge,7.02325439,88,6,horizon_0,2023-08-04 14:49:49.973,False,
319,ec526bd4,MCTS_Knowledge,2.36871338,31,7,cross_1,2023-08-04 14:49:52.372,False,
320,ec526bd4,MCTS_Knowledge,2.624878,49,8,rainbow_0,2023-08-04 14:49:55.036,False,
321,ec526bd4,MCTS_Knowledge,2.79754639,16,9,rocket_0,2023-08-04 14:49:57.870,False,
322,ec526bd4,MCTS_Knowledge,5.24047852,50,10,vertical_0,2023-08-04 14:50:03.147,False,
323,ec526bd4,MCTS_Knowledge,2.81500244,44,11,rainbow_0,2023-08-04 14:50:06.000,True,
324,07b2dbb1,MCTS_Score,1.99456787,116,0,rainbow_0,2023-08-04 04:27:27.336,False,
325,07b2dbb1,MCTS_Score,7.18811035,114,1,vertical_0,2023-08-04 04:28:02.582,False,
326,07b2dbb1,MCTS_Score,7.342407,31,2,cross_1,2023-08-04 04:28:10.083,False,
327,07b2dbb1,MCTS_Score,8.481201,76,3,rocket_0,2023-08-04 04:28:18.715,False,
328,07b2dbb1,MCTS_Score,2.26861572,24,4,cross_0,2023-08-04 04:28:21.132,True,
329,07b2dbb1,MCTS_Score,16.2471313,116,5,vertical_1,2023-08-04 04:28:37.525,False,
330,07b2dbb1,MCTS_Score,6.545105,65,6,horizon_1,2023-08-04 04:28:44.236,False,
331,07b2dbb1,MCTS_Score,3.30639648,17,7,horizon_0,2023-08-04 04:28:47.702,False,
332,07b2dbb1,MCTS_Score,8.457214,9,8,rainbow_0,2023-08-04 04:28:56.275,False,
333,07b2dbb1,MCTS_Score,3.17810059,10,9,bomb_0,2023-08-04 04:28:59.622,False,
334,07b2dbb1,MCTS_Score,2.50067139,31,10,bomb_1,2023-08-04 04:29:02.286,False,
335,07b2dbb1,MCTS_Score,7.53009033,16,11,rocket_0,2023-08-04 04:29:09.984,False,
336,0c6b55d0,MCTS_Score,97.84497,65,0,bomb_1,2023-08-04 04:47:41.391,False,
337,0c6b55d0,MCTS_Score,2.76147461,16,1,rainbow_0,2023-08-04 04:47:44.283,False,
338,0c6b55d0,MCTS_Score,2.399353,18,2,vertical_1,2023-08-04 04:47:46.806,False,
339,0c6b55d0,MCTS_Score,3.33618164,40,3,rocket_0,2023-08-04 04:47:50.276,False,
340,0c6b55d0,MCTS_Score,2.942688,30,4,horizon_0,2023-08-04 04:47:53.345,False,
341,0c6b55d0,MCTS_Score,2.88458252,51,5,bomb_0,2023-08-04 04:47:56.342,False,
342,0c6b55d0,MCTS_Score,5.425598,124,6,horizon_1,2023-08-04 04:48:01.888,True,
343,0c6b55d0,MCTS_Score,2.72668457,116,7,cross_1,2023-08-04 04:48:04.765,False,
344,0c6b55d0,MCTS_Score,8.926392,46,8,vertical_0,2023-08-04 04:48:13.852,False,
345,0c6b55d0,MCTS_Score,2.23114014,83,9,cross_0,2023-08-04 04:48:16.271,False,
346,0c6b55d0,MCTS_Score,3.84088135,106,10,rainbow_0,2023-08-04 04:48:20.239,False,
347,0c6b55d0,MCTS_Score,4.473816,51,11,rocket_0,2023-08-04 04:48:24.840,False,
348,11909e7f,MCTS_Score,9.942627,17,0,bomb_0,2023-08-04 05:18:51.329,False,
349,11909e7f,MCTS_Score,4.9276123,106,1,cross_0,2023-08-04 05:18:56.265,False,
350,11909e7f,MCTS_Score,2.58532715,91,2,horizon_0,2023-08-04 05:18:58.862,False,
351,11909e7f,MCTS_Score,6.72473145,44,3,rainbow_0,2023-08-04 05:19:06.017,True,
352,11909e7f,MCTS_Score,18.7268066,34,4,rocket_0,2023-08-04 05:19:24.755,False,
353,11909e7f,MCTS_Score,27.7283936,44,5,rainbow_0,2023-08-04 05:19:52.878,True,
354,11909e7f,MCTS_Score,11.63916,75,6,rocket_0,2023-08-04 05:20:04.918,False,
355,11909e7f,MCTS_Score,3.65405273,18,7,horizon_1,2023-08-04 05:20:08.583,False,
356,11909e7f,MCTS_Score,4.177368,75,8,cross_1,2023-08-04 05:20:12.766,False,
357,11909e7f,MCTS_Score,10.446167,75,9,vertical_1,2023-08-04 05:20:23.218,False,
358,11909e7f,MCTS_Score,4.4786377,15,10,vertical_0,2023-08-04 05:20:28.111,True,
359,11909e7f,MCTS_Score,11.4553223,31,11,bomb_1,2023-08-04 05:20:39.575,False,
360,18a79648,MCTS_Score,3.53140259,18,0,horizon_1,2023-08-04 04:59:44.429,False,
361,18a79648,MCTS_Score,2.98422241,40,1,rocket_0,2023-08-04 04:59:47.530,False,
362,18a79648,MCTS_Score,2.31991577,116,2,cross_1,2023-08-04 04:59:49.964,False,
363,18a79648,MCTS_Score,3.17538452,46,3,vertical_0,2023-08-04 04:59:53.257,False,
364,18a79648,MCTS_Score,2.69277954,44,4,rainbow_0,2023-08-04 04:59:56.071,True,
365,18a79648,MCTS_Score,4.28399658,101,5,bomb_0,2023-08-04 05:00:00.476,False,
366,18a79648,MCTS_Score,3.85168457,62,6,horizon_0,2023-08-04 05:00:04.439,False,
367,18a79648,MCTS_Score,5.856903,0,7,cross_0,2023-08-04 05:00:10.418,False,
368,18a79648,MCTS_Score,8.187408,115,8,bomb_1,2023-08-04 05:00:18.720,False,
369,18a79648,MCTS_Score,2.969696,116,9,rainbow_0,2023-08-04 05:00:21.819,False,
370,18a79648,MCTS_Score,3.17849731,16,10,rocket_0,2023-08-04 05:00:25.119,False,
371,18a79648,MCTS_Score,2.26150513,75,11,vertical_1,2023-08-04 05:00:27.508,False,
372,1fc40065,MCTS_Score,18.2080078,15,0,vertical_0,2023-08-04 10:01:52.187,True,
373,1fc40065,MCTS_Score,4.84814453,58,1,cross_1,2023-08-04 10:01:57.329,False,
374,1fc40065,MCTS_Score,11.5888672,95,2,horizon_0,2023-08-04 10:02:09.166,False,
375,1fc40065,MCTS_Score,11.36792,54,3,rocket_0,2023-08-04 10:02:20.791,False,
376,1fc40065,MCTS_Score,11.6870117,65,4,horizon_1,2023-08-04 10:02:32.717,False,
377,1fc40065,MCTS_Score,4.05102539,10,5,rainbow_0,2023-08-04 10:02:37.052,False,
378,1fc40065,MCTS_Score,5.113037,75,6,vertical_1,2023-08-04 10:02:42.436,False,
379,1fc40065,MCTS_Score,3.54785156,91,7,cross_0,2023-08-04 10:02:45.990,False,
380,1fc40065,MCTS_Score,10.7480469,7,8,bomb_0,2023-08-04 10:02:56.957,False,
381,1fc40065,MCTS_Score,7.523926,44,9,rainbow_0,2023-08-04 10:03:04.761,True,
382,1fc40065,MCTS_Score,4.54394531,11,10,bomb_1,2023-08-04 10:03:09.626,False,
383,1fc40065,MCTS_Score,3.177002,16,11,rocket_0,2023-08-04 10:03:13.121,False,
384,3307613a,MCTS_Score,4.9710083,121,0,vertical_0,2023-08-04 05:19:17.556,False,
385,3307613a,MCTS_Score,2.44650269,99,1,cross_1,2023-08-04 05:19:20.131,False,
386,3307613a,MCTS_Score,2.778595,7,2,bomb_0,2023-08-04 05:19:23.036,False,
387,3307613a,MCTS_Score,4.47720337,40,3,rocket_0,2023-08-04 05:19:27.635,False,
388,3307613a,MCTS_Score,4.109009,91,4,cross_0,2023-08-04 05:19:31.874,False,
389,3307613a,MCTS_Score,3.36819458,75,5,rocket_0,2023-08-04 05:19:35.367,False,
390,3307613a,MCTS_Score,2.725586,18,6,horizon_1,2023-08-04 05:19:38.212,False,
391,3307613a,MCTS_Score,6.29550171,44,7,rainbow_0,2023-08-04 05:19:44.636,True,
392,3307613a,MCTS_Score,2.9420166,107,8,bomb_1,2023-08-04 05:19:47.706,True,
393,3307613a,MCTS_Score,4.932373,75,9,vertical_1,2023-08-04 05:19:52.750,False,
394,3307613a,MCTS_Score,4.956909,44,10,rainbow_0,2023-08-04 05:19:57.843,True,
395,3307613a,MCTS_Score,2.66430664,91,11,horizon_0,2023-08-04 05:20:00.644,False,
396,372045dd,MCTS_Score,5.31713867,47,0,rainbow_0,2023-08-04 05:58:43.445,False,
397,372045dd,MCTS_Score,5.34484863,81,1,rocket_0,2023-08-04 05:58:49.116,False,
398,372045dd,MCTS_Score,10.322998,44,2,rainbow_0,2023-08-04 05:58:59.491,True,
399,372045dd,MCTS_Score,20.5935059,31,3,bomb_1,2023-08-04 05:59:20.091,False,
400,372045dd,MCTS_Score,17.8583984,122,4,horizon_1,2023-08-04 05:59:37.956,False,
401,372045dd,MCTS_Score,69.49585,44,5,vertical_1,2023-08-04 06:00:47.828,False,
402,372045dd,MCTS_Score,17.96997,10,6,rocket_0,2023-08-04 06:01:05.812,False,
403,372045dd,MCTS_Score,5.406616,75,7,cross_1,2023-08-04 06:01:11.225,False,
404,372045dd,MCTS_Score,28.3239746,91,8,cross_0,2023-08-04 06:01:39.893,False,
405,372045dd,MCTS_Score,35.7751465,64,9,bomb_0,2023-08-04 06:02:16.003,False,
406,372045dd,MCTS_Score,9.880981,92,10,vertical_0,2023-08-04 06:02:26.274,False,
407,372045dd,MCTS_Score,4.54956055,93,11,horizon_0,2023-08-04 06:02:30.834,False,
408,3b834540,MCTS_Score,15.8110962,78,0,rocket_0,2023-08-04 03:40:50.866,False,
409,3b834540,MCTS_Score,45.23053,84,1,rainbow_0,2023-08-04 03:41:36.239,False,
410,3b834540,MCTS_Score,43.04602,9,2,rainbow_0,2023-08-04 03:42:19.359,False,
411,3b834540,MCTS_Score,10.673645,75,3,horizon_1,2023-08-04 03:42:30.103,False,
412,3b834540,MCTS_Score,4.51446533,16,4,rocket_0,2023-08-04 03:42:34.748,False,
413,3b834540,MCTS_Score,3.54986572,10,5,bomb_1,2023-08-04 03:42:38.439,False,
414,3b834540,MCTS_Score,3.88031,75,6,vertical_1,2023-08-04 03:42:42.448,False,
415,3b834540,MCTS_Score,4.69018555,101,7,bomb_0,2023-08-04 03:42:47.277,False,
416,3b834540,MCTS_Score,9.546875,91,8,horizon_0,2023-08-04 03:42:56.958,False,
417,3b834540,MCTS_Score,4.904785,75,9,cross_1,2023-08-04 03:43:02.002,False,
418,3b834540,MCTS_Score,4.06195068,1,10,vertical_0,2023-08-04 03:43:06.202,False,
419,3b834540,MCTS_Score,4.217102,83,11,cross_0,2023-08-04 03:43:10.554,False,
420,4014ce4e,MCTS_Score,5.583008,83,0,rainbow_0,2023-08-04 04:34:31.197,False,
421,4014ce4e,MCTS_Score,4.74707031,81,1,rocket_0,2023-08-04 04:34:36.066,False,
422,4014ce4e,MCTS_Score,15.5043335,63,2,cross_0,2023-08-04 04:34:51.694,False,
423,4014ce4e,MCTS_Score,5.645874,76,3,bomb_0,2023-08-04 04:34:57.460,False,
424,4014ce4e,MCTS_Score,8.875061,75,4,bomb_1,2023-08-04 04:35:06.451,False,
425,4014ce4e,MCTS_Score,0.4786377,75,5,horizon_1,2023-08-04 04:35:07.051,False,
426,4014ce4e,MCTS_Score,0.3651123,75,6,vertical_1,2023-08-04 04:35:07.531,False,
427,4014ce4e,MCTS_Score,4.28601074,83,7,horizon_0,2023-08-04 04:35:11.939,False,
428,4014ce4e,MCTS_Score,10.3977051,85,8,vertical_0,2023-08-04 04:35:22.452,False,
429,4014ce4e,MCTS_Score,0.65625,85,9,cross_1,2023-08-04 04:35:23.240,False,
430,4014ce4e,MCTS_Score,0.2532959,85,10,rainbow_0,2023-08-04 04:35:23.613,False,
431,4014ce4e,MCTS_Score,5.338867,121,11,rocket_0,2023-08-04 04:35:29.073,False,
432,420e418d,MCTS_Score,6.23046875,75,0,rocket_0,2023-08-04 04:37:05.213,False,
433,420e418d,MCTS_Score,45.4414063,31,1,bomb_1,2023-08-04 04:37:50.659,False,
434,420e418d,MCTS_Score,2.97583,75,2,bomb_0,2023-08-04 04:37:54.015,False,
435,420e418d,MCTS_Score,9.150024,75,3,cross_1,2023-08-04 04:38:03.470,False,
436,420e418d,MCTS_Score,1.06237793,75,4,rocket_0,2023-08-04 04:38:04.844,False,
437,420e418d,MCTS_Score,28.1792,8,5,vertical_1,2023-08-04 04:38:33.346,False,
438,420e418d,MCTS_Score,4.425293,17,6,horizon_0,2023-08-04 04:38:37.776,False,
439,420e418d,MCTS_Score,23.07129,26,7,rainbow_0,2023-08-04 04:39:01.197,False,
440,420e418d,MCTS_Score,1.01977539,92,8,vertical_0,2023-08-04 04:39:02.221,False,
441,420e418d,MCTS_Score,12.5089111,0,9,cross_0,2023-08-04 04:39:15.050,False,
442,420e418d,MCTS_Score,15.0487061,9,10,rainbow_0,2023-08-04 04:39:30.103,False,
443,420e418d,MCTS_Score,19.0794678,8,11,horizon_1,2023-08-04 04:39:49.498,False,
444,4902a379,MCTS_Score,7.12109375,121,0,rocket_0,2023-08-04 04:48:18.682,False,
445,4902a379,MCTS_Score,8.920227,44,1,vertical_1,2023-08-04 04:48:27.720,False,
446,4902a379,MCTS_Score,7.35198975,113,2,rainbow_0,2023-08-04 04:48:35.198,False,
447,4902a379,MCTS_Score,7.162964,44,3,horizon_1,2023-08-04 04:48:42.477,False,
448,4902a379,MCTS_Score,4.97302246,121,4,horizon_0,2023-08-04 04:48:47.637,True,
449,4902a379,MCTS_Score,12.939209,31,5,bomb_1,2023-08-04 04:49:00.718,False,
450,4902a379,MCTS_Score,5.53381348,46,6,vertical_0,2023-08-04 04:49:06.459,False,
451,4902a379,MCTS_Score,10.9512939,34,7,rocket_0,2023-08-04 04:49:17.620,False,
452,4902a379,MCTS_Score,5.60021973,24,8,cross_0,2023-08-04 04:49:23.366,True,
453,4902a379,MCTS_Score,3.67688,42,9,bomb_0,2023-08-04 04:49:27.160,True,
454,4902a379,MCTS_Score,8.030884,44,10,rainbow_0,2023-08-04 04:49:35.373,True,
455,4902a379,MCTS_Score,2.45898438,37,11,cross_1,2023-08-04 04:49:38.027,False,
480,569dd2ad,MCTS_Score,10.2666016,44,0,horizon_1,2023-08-04 04:39:24.661,False,
481,569dd2ad,MCTS_Score,9.11547852,50,1,vertical_0,2023-08-04 04:39:33.904,False,
482,569dd2ad,MCTS_Score,2.73938,18,2,vertical_1,2023-08-04 04:39:36.760,False,
483,569dd2ad,MCTS_Score,3.14007568,99,3,cross_1,2023-08-04 04:39:40.043,False,
484,569dd2ad,MCTS_Score,3.80419922,44,4,rainbow_0,2023-08-04 04:39:43.995,True,
485,569dd2ad,MCTS_Score,6.73156738,7,5,bomb_0,2023-08-04 04:39:50.848,False,
486,569dd2ad,MCTS_Score,4.281189,126,6,horizon_0,2023-08-04 04:39:55.256,False,
487,569dd2ad,MCTS_Score,4.673401,56,7,cross_0,2023-08-04 04:40:00.059,False,
488,569dd2ad,MCTS_Score,3.8460083,51,8,rocket_0,2023-08-04 04:40:04.030,False,
489,569dd2ad,MCTS_Score,3.19580078,51,9,rocket_0,2023-08-04 04:40:07.353,False,
490,569dd2ad,MCTS_Score,4.81842041,31,10,bomb_1,2023-08-04 04:40:12.292,False,
491,569dd2ad,MCTS_Score,3.28204346,116,11,rainbow_0,2023-08-04 04:40:15.706,False,
492,58f9a192,MCTS_Score,3.0954895,7,0,bomb_0,2023-08-04 04:46:09.383,False,
493,58f9a192,MCTS_Score,2.63171387,8,1,bomb_1,2023-08-04 04:46:12.196,False,
494,58f9a192,MCTS_Score,2.56860352,8,2,horizon_1,2023-08-04 04:46:14.952,False,
495,58f9a192,MCTS_Score,2.62060547,18,3,cross_0,2023-08-04 04:46:17.753,False,
496,58f9a192,MCTS_Score,2.84991455,40,4,rocket_0,2023-08-04 04:46:20.782,False,
497,58f9a192,MCTS_Score,8.74389648,117,5,vertical_0,2023-08-04 04:46:29.695,False,
498,58f9a192,MCTS_Score,11.4500122,38,6,cross_1,2023-08-04 04:46:41.331,False,
499,58f9a192,MCTS_Score,16.3189087,65,7,vertical_1,2023-08-04 04:46:57.813,False,
500,58f9a192,MCTS_Score,11.7510986,51,8,rocket_0,2023-08-04 04:47:09.738,False,
501,58f9a192,MCTS_Score,2.75732422,44,9,rainbow_0,2023-08-04 04:47:12.686,True,
502,58f9a192,MCTS_Score,7.8349,93,10,horizon_0,2023-08-04 04:47:20.700,False,
503,58f9a192,MCTS_Score,2.71258545,116,11,rainbow_0,2023-08-04 04:47:23.608,False,
504,601f8747,MCTS_Score,65.92163,19,0,rainbow_0,2023-08-04 05:14:43.750,False,
505,601f8747,MCTS_Score,33.9417725,15,1,vertical_0,2023-08-04 05:15:17.831,True,
506,601f8747,MCTS_Score,9.912109,75,2,vertical_1,2023-08-04 05:15:27.860,False,
507,601f8747,MCTS_Score,12.6523438,75,3,cross_1,2023-08-04 05:15:40.662,False,
508,601f8747,MCTS_Score,11.8143311,91,4,cross_0,2023-08-04 05:15:52.675,False,
509,601f8747,MCTS_Score,10.1782227,29,5,bomb_0,2023-08-04 05:16:03.023,False,
510,601f8747,MCTS_Score,58.0354,106,6,rainbow_0,2023-08-04 05:17:01.195,False,
511,601f8747,MCTS_Score,6.92663574,46,7,bomb_1,2023-08-04 05:17:08.255,False,
512,601f8747,MCTS_Score,22.6846924,18,8,horizon_1,2023-08-04 05:17:31.062,False,
513,601f8747,MCTS_Score,12.85498,44,9,rocket_0,2023-08-04 05:17:44.042,False,
514,601f8747,MCTS_Score,5.809082,114,10,rocket_0,2023-08-04 05:17:49.968,False,
515,601f8747,MCTS_Score,29.5480957,88,11,horizon_0,2023-08-04 05:18:19.638,False,
516,692e437f,MCTS_Score,8.44354248,34,0,rocket_0,2023-08-04 04:28:21.387,False,
517,692e437f,MCTS_Score,7.43280029,26,1,vertical_0,2023-08-04 04:28:28.946,False,
518,692e437f,MCTS_Score,3.99060059,26,2,rainbow_0,2023-08-04 04:28:33.069,False,
519,692e437f,MCTS_Score,6.005554,110,3,bomb_1,2023-08-04 04:28:39.189,False,
520,692e437f,MCTS_Score,6.11572266,7,4,bomb_0,2023-08-04 04:28:45.427,False,
521,692e437f,MCTS_Score,7.154114,26,5,rainbow_0,2023-08-04 04:28:52.723,False,
522,692e437f,MCTS_Score,3.588501,34,6,rocket_0,2023-08-04 04:28:56.431,False,
523,692e437f,MCTS_Score,7.075989,53,7,horizon_1,2023-08-04 04:29:03.627,False,
524,692e437f,MCTS_Score,10.29187,8,8,vertical_1,2023-08-04 04:29:14.043,False,
525,692e437f,MCTS_Score,2.24871826,75,9,cross_1,2023-08-04 04:29:16.414,False,
526,692e437f,MCTS_Score,5.59246826,86,10,horizon_0,2023-08-04 04:29:22.129,False,
527,692e437f,MCTS_Score,3.45788574,46,11,cross_0,2023-08-04 04:29:25.713,False,
528,6e7fdf0d,MCTS_Score,4.095886,116,0,rainbow_0,2023-08-04 04:43:04.713,False,
529,6e7fdf0d,MCTS_Score,3.59301758,51,1,vertical_0,2023-08-04 04:43:08.425,False,
530,6e7fdf0d,MCTS_Score,4.834961,91,2,horizon_0,2023-08-04 04:43:13.383,False,
531,6e7fdf0d,MCTS_Score,4.20282,46,3,cross_0,2023-08-04 04:43:17.712,False,
532,6e7fdf0d,MCTS_Score,7.3494873,65,4,vertical_1,2023-08-04 04:43:25.186,False,
533,6e7fdf0d,MCTS_Score,2.34130859,10,5,bomb_1,2023-08-04 04:43:27.650,False,
534,6e7fdf0d,MCTS_Score,4.081299,99,6,rocket_0,2023-08-04 04:43:31.847,False,
535,6e7fdf0d,MCTS_Score,1.20385742,16,7,rainbow_0,2023-08-04 04:43:33.179,False,
536,6e7fdf0d,MCTS_Score,3.357788,16,8,rocket_0,2023-08-04 04:43:36.658,False,
537,6e7fdf0d,MCTS_Score,2.67382813,30,9,cross_1,2023-08-04 04:43:39.454,False,
538,6e7fdf0d,MCTS_Score,2.53338623,122,10,horizon_1,2023-08-04 04:43:42.099,False,
539,6e7fdf0d,MCTS_Score,2.08306885,106,11,bomb_0,2023-08-04 04:43:44.313,False,
540,77d913e1,MCTS_Score,9.958984,116,0,vertical_1,2023-08-04 05:12:02.342,False,
541,77d913e1,MCTS_Score,14.4279785,83,1,horizon_0,2023-08-04 05:12:16.904,False,
542,77d913e1,MCTS_Score,2.26306152,75,2,cross_1,2023-08-04 05:12:19.265,False,
543,77d913e1,MCTS_Score,10.8339844,16,3,rocket_0,2023-08-04 05:12:30.133,False,
544,77d913e1,MCTS_Score,9.534912,15,4,vertical_0,2023-08-04 05:12:39.815,True,
545,77d913e1,MCTS_Score,8.699951,29,5,bomb_0,2023-08-04 05:12:48.631,False,
546,77d913e1,MCTS_Score,9.421997,24,6,cross_0,2023-08-04 05:12:58.150,True,
547,77d913e1,MCTS_Score,2.645996,9,7,rainbow_0,2023-08-04 05:13:00.844,False,
548,77d913e1,MCTS_Score,3.38098145,31,8,bomb_1,2023-08-04 05:13:04.268,False,
549,77d913e1,MCTS_Score,6.472046,44,9,rainbow_0,2023-08-04 05:13:10.776,True,
550,77d913e1,MCTS_Score,7.055908,75,10,horizon_1,2023-08-04 05:13:17.872,False,
551,77d913e1,MCTS_Score,2.842041,16,11,rocket_0,2023-08-04 05:13:20.750,False,
552,818e2612,MCTS_Score,5.33911133,25,0,horizon_1,2023-08-04 04:29:48.087,False,
553,818e2612,MCTS_Score,2.85620117,40,1,bomb_0,2023-08-04 04:29:51.097,False,
554,818e2612,MCTS_Score,3.29138184,31,2,cross_1,2023-08-04 04:29:54.525,False,
555,818e2612,MCTS_Score,0.779785156,31,3,cross_0,2023-08-04 04:29:55.449,False,
556,818e2612,MCTS_Score,3.28759766,25,4,vertical_1,2023-08-04 04:29:58.885,True,
557,818e2612,MCTS_Score,6.24761963,76,5,rocket_0,2023-08-04 04:30:05.269,False,
558,818e2612,MCTS_Score,2.52905273,50,6,vertical_0,2023-08-04 04:30:07.941,False,
559,818e2612,MCTS_Score,2.06658936,44,7,rainbow_0,2023-08-04 04:30:10.167,True,
560,818e2612,MCTS_Score,3.182312,91,8,horizon_0,2023-08-04 04:30:13.486,False,
561,818e2612,MCTS_Score,2.454712,31,9,bomb_1,2023-08-04 04:30:16.083,False,
562,818e2612,MCTS_Score,7.609009,84,10,rainbow_0,2023-08-04 04:30:23.830,False,
563,818e2612,MCTS_Score,3.37225342,76,11,rocket_0,2023-08-04 04:30:27.364,False,
564,86623ae8,MCTS_Score,135.270142,25,0,horizon_1,2023-08-04 04:42:07.067,False,
565,86623ae8,MCTS_Score,7.237915,116,1,vertical_1,2023-08-04 04:42:14.576,False,
566,86623ae8,MCTS_Score,31.118042,17,2,bomb_0,2023-08-04 04:42:45.700,False,
567,86623ae8,MCTS_Score,9.875,81,3,rocket_0,2023-08-04 04:42:55.726,False,
568,86623ae8,MCTS_Score,8.620972,75,4,cross_1,2023-08-04 04:43:04.491,False,
569,86623ae8,MCTS_Score,222.875732,46,5,bomb_1,2023-08-04 04:46:47.542,False,
570,86623ae8,MCTS_Score,8.03772,75,6,horizon_0,2023-08-04 04:46:55.835,False,
571,86623ae8,MCTS_Score,1.18469238,75,7,cross_0,2023-08-04 04:46:57.025,False,
572,86623ae8,MCTS_Score,5.743286,16,8,rocket_0,2023-08-04 04:47:02.774,False,
573,86623ae8,MCTS_Score,58.7236328,15,9,vertical_0,2023-08-04 04:48:01.679,True,
574,86623ae8,MCTS_Score,100.730591,19,10,rainbow_0,2023-08-04 04:49:42.597,False,
575,86623ae8,MCTS_Score,25.60083,19,11,rainbow_0,2023-08-04 04:50:08.426,False,
576,87e9394d,MCTS_Score,3.793579,16,0,rocket_0,2023-08-04 04:29:39.694,False,
577,87e9394d,MCTS_Score,3.32385254,28,1,cross_0,2023-08-04 04:29:43.152,False,
578,87e9394d,MCTS_Score,5.0803833,75,2,bomb_1,2023-08-04 04:29:48.349,False,
579,87e9394d,MCTS_Score,4.99542236,106,3,rainbow_0,2023-08-04 04:29:53.459,False,
580,87e9394d,MCTS_Score,2.98938,51,4,vertical_0,2023-08-04 04:29:56.570,False,
581,87e9394d,MCTS_Score,3.356018,75,5,horizon_0,2023-08-04 04:30:00.046,False,
582,87e9394d,MCTS_Score,4.508789,16,6,rocket_0,2023-08-04 04:30:04.674,False,
583,87e9394d,MCTS_Score,2.57757568,75,7,cross_1,2023-08-04 04:30:07.367,False,
584,87e9394d,MCTS_Score,0.932189941,75,8,bomb_0,2023-08-04 04:30:08.412,False,
585,87e9394d,MCTS_Score,6.505554,16,9,rainbow_0,2023-08-04 04:30:15.039,False,
586,87e9394d,MCTS_Score,25.1868286,124,10,horizon_1,2023-08-04 04:30:40.371,True,
587,87e9394d,MCTS_Score,5.14447,8,11,vertical_1,2023-08-04 04:30:45.639,False,
588,89a1deb3,MCTS_Score,3.98638916,108,0,cross_0,2023-08-04 06:12:10.945,False,
589,89a1deb3,MCTS_Score,8.450989,44,1,rainbow_0,2023-08-04 06:12:19.664,True,
590,89a1deb3,MCTS_Score,3.822876,44,2,rocket_0,2023-08-04 06:12:23.749,False,
591,89a1deb3,MCTS_Score,5.1362915,116,3,rainbow_0,2023-08-04 06:12:28.890,False,
592,89a1deb3,MCTS_Score,6.6730957,46,4,bomb_1,2023-08-04 06:12:35.836,False,
593,89a1deb3,MCTS_Score,2.99108887,117,5,vertical_1,2023-08-04 06:12:39.091,False,
594,89a1deb3,MCTS_Score,5.49700928,51,6,bomb_0,2023-08-04 06:12:44.595,False,
595,89a1deb3,MCTS_Score,8.092957,121,7,horizon_0,2023-08-04 06:12:52.696,True,
596,89a1deb3,MCTS_Score,8.712097,37,8,cross_1,2023-08-04 06:13:01.660,False,
597,89a1deb3,MCTS_Score,11.0420532,124,9,horizon_1,2023-08-04 06:13:12.951,True,
598,89a1deb3,MCTS_Score,3.1385498,125,10,vertical_0,2023-08-04 06:13:16.342,False,
599,89a1deb3,MCTS_Score,3.62023926,40,11,rocket_0,2023-08-04 06:13:20.228,False,
600,8e76acc4,MCTS_Score,3.119995,58,0,cross_1,2023-08-04 04:36:34.722,False,
601,8e76acc4,MCTS_Score,3.93664551,60,1,rocket_0,2023-08-04 04:36:38.800,False,
602,8e76acc4,MCTS_Score,5.60192871,117,2,rainbow_0,2023-08-04 04:36:44.578,False,
603,8e76acc4,MCTS_Score,20.180542,31,3,bomb_1,2023-08-04 04:37:04.915,False,
604,8e76acc4,MCTS_Score,23.9157715,16,4,rocket_0,2023-08-04 04:37:29.002,False,
605,8e76acc4,MCTS_Score,8.636475,46,5,vertical_0,2023-08-04 04:37:37.787,False,
606,8e76acc4,MCTS_Score,6.19384766,117,6,rainbow_0,2023-08-04 04:37:44.126,False,
607,8e76acc4,MCTS_Score,4.02844238,75,7,horizon_1,2023-08-04 04:37:48.289,False,
608,8e76acc4,MCTS_Score,1.783081,83,8,cross_0,2023-08-04 04:37:50.221,False,
609,8e76acc4,MCTS_Score,2.677246,91,9,horizon_0,2023-08-04 04:37:53.034,False,
610,8e76acc4,MCTS_Score,15.4602051,75,10,vertical_1,2023-08-04 04:38:08.629,False,
611,8e76acc4,MCTS_Score,22.65149,104,11,bomb_0,2023-08-04 04:38:31.447,False,
612,8e99c694,MCTS_Score,25.4745483,51,0,rocket_0,2023-08-04 04:35:16.434,False,
613,8e99c694,MCTS_Score,3.20458984,51,1,horizon_0,2023-08-04 04:35:19.756,False,
614,8e99c694,MCTS_Score,5.547119,92,2,rainbow_0,2023-08-04 04:35:25.470,False,
615,8e99c694,MCTS_Score,14.8189087,30,3,cross_1,2023-08-04 04:35:40.422,False,
616,8e99c694,MCTS_Score,4.09429932,51,4,rocket_0,2023-08-04 04:35:44.638,False,
617,8e99c694,MCTS_Score,3.406311,44,5,rainbow_0,2023-08-04 04:35:48.172,True,
618,8e99c694,MCTS_Score,2.91467285,116,6,bomb_0,2023-08-04 04:35:51.212,False,
619,8e99c694,MCTS_Score,8.061584,91,7,cross_0,2023-08-04 04:35:59.407,False,
620,8e99c694,MCTS_Score,4.03222656,18,8,horizon_1,2023-08-04 04:36:03.567,False,
621,8e99c694,MCTS_Score,3.52368164,25,9,vertical_1,2023-08-04 04:36:07.218,True,
622,8e99c694,MCTS_Score,5.411499,26,10,vertical_0,2023-08-04 04:36:12.744,False,
623,8e99c694,MCTS_Score,5.550049,107,11,bomb_1,2023-08-04 04:36:18.409,True,
636,a6886d13,MCTS_Score,7.56494141,44,0,rainbow_0,2023-08-04 04:47:12.829,True,
637,a6886d13,MCTS_Score,1.45629883,44,1,rainbow_0,2023-08-04 04:47:14.417,True,
638,a6886d13,MCTS_Score,3.84021,51,2,horizon_0,2023-08-04 04:47:18.382,False,
639,a6886d13,MCTS_Score,4.0448,46,3,vertical_0,2023-08-04 04:47:22.599,False,
640,a6886d13,MCTS_Score,8.22168,75,4,vertical_1,2023-08-04 04:47:30.973,False,
641,a6886d13,MCTS_Score,4.638916,76,5,rocket_0,2023-08-04 04:47:35.750,False,
642,a6886d13,MCTS_Score,3.425415,40,6,bomb_0,2023-08-04 04:47:39.309,False,
643,a6886d13,MCTS_Score,3.154663,40,7,cross_0,2023-08-04 04:47:42.589,False,
644,a6886d13,MCTS_Score,4.272949,99,8,cross_1,2023-08-04 04:47:47.009,False,
645,a6886d13,MCTS_Score,5.13427734,31,9,bomb_1,2023-08-04 04:47:52.270,False,
646,a6886d13,MCTS_Score,4.05297852,18,10,horizon_1,2023-08-04 04:47:56.440,False,
647,a6886d13,MCTS_Score,9.194214,51,11,rocket_0,2023-08-04 04:48:05.756,False,
660,b31d7a8a,MCTS_Score,7.76977539,19,0,rainbow_0,2023-08-04 04:24:15.718,False,
661,b31d7a8a,MCTS_Score,7.49749756,113,1,rocket_0,2023-08-04 04:24:23.222,True,
662,b31d7a8a,MCTS_Score,8.206177,42,2,bomb_0,2023-08-04 04:24:31.716,True,
663,b31d7a8a,MCTS_Score,8.541199,113,3,rocket_0,2023-08-04 04:24:40.380,True,
664,b31d7a8a,MCTS_Score,3.748413,121,4,horizon_0,2023-08-04 04:24:44.304,True,
665,b31d7a8a,MCTS_Score,10.3353271,44,5,rainbow_0,2023-08-04 04:24:54.892,True,
666,b31d7a8a,MCTS_Score,7.87231445,124,6,horizon_1,2023-08-04 04:25:02.886,True,
667,b31d7a8a,MCTS_Score,16.2225952,107,7,bomb_1,2023-08-04 04:25:19.245,True,
668,b31d7a8a,MCTS_Score,13.5241089,8,8,cross_1,2023-08-04 04:25:32.984,False,
669,b31d7a8a,MCTS_Score,4.56304932,31,9,cross_0,2023-08-04 04:25:37.667,False,
670,b31d7a8a,MCTS_Score,11.10907,25,10,vertical_1,2023-08-04 04:25:48.914,True,
671,b31d7a8a,MCTS_Score,16.5919189,15,11,vertical_0,2023-08-04 04:26:05.633,True,
672,cb2679f5,MCTS_Score,39.0426025,8,0,horizon_1,2023-08-04 14:39:05.639,False,
673,cb2679f5,MCTS_Score,13.817688,92,1,rainbow_0,2023-08-04 14:39:19.526,False,
674,cb2679f5,MCTS_Score,9.451782,10,2,bomb_1,2023-08-04 14:39:29.010,False,
675,cb2679f5,MCTS_Score,3.74420166,75,3,rocket_0,2023-08-04 14:39:32.772,False,
676,cb2679f5,MCTS_Score,3.47192383,17,4,horizon_0,2023-08-04 14:39:36.257,False,
677,cb2679f5,MCTS_Score,8.32428,18,5,cross_1,2023-08-04 14:39:44.600,False,
678,cb2679f5,MCTS_Score,2.83587646,75,6,rocket_0,2023-08-04 14:39:47.476,False,
679,cb2679f5,MCTS_Score,12.5949707,17,7,bomb_0,2023-08-04 14:40:00.092,False,
680,cb2679f5,MCTS_Score,23.41803,44,8,vertical_1,2023-08-04 14:40:23.530,False,
681,cb2679f5,MCTS_Score,8.969849,63,9,cross_0,2023-08-04 14:40:32.558,False,
682,cb2679f5,MCTS_Score,19.7589111,1,10,vertical_0,2023-08-04 14:40:52.364,False,
683,cb2679f5,MCTS_Score,33.8383179,16,11,rainbow_0,2023-08-04 14:41:26.243,False,
684,dd6325cf,MCTS_Score,47.49591,19,0,rainbow_0,2023-08-03 14:55:39.906,False,
685,dd6325cf,MCTS_Score,10.8296509,25,1,vertical_1,2023-08-03 14:55:50.905,True,
686,dd6325cf,MCTS_Score,10.96228,8,2,horizon_1,2023-08-03 14:56:02.058,False,
687,dd6325cf,MCTS_Score,2.654358,91,3,horizon_0,2023-08-03 14:56:04.885,False,
688,dd6325cf,MCTS_Score,8.046326,40,4,bomb_0,2023-08-03 14:56:13.083,False,
689,dd6325cf,MCTS_Score,3.60870361,31,5,cross_1,2023-08-03 14:56:16.903,False,
690,dd6325cf,MCTS_Score,5.899414,99,6,rocket_0,2023-08-03 14:56:23.001,False,
691,dd6325cf,MCTS_Score,2.06848145,76,7,cross_0,2023-08-03 14:56:25.287,False,
692,dd6325cf,MCTS_Score,3.08831787,92,8,rainbow_0,2023-08-03 14:56:28.573,False,
693,dd6325cf,MCTS_Score,9.661011,115,9,rocket_0,2023-08-03 14:56:38.380,False,
694,dd6325cf,MCTS_Score,2.73577881,31,10,bomb_1,2023-08-03 14:56:41.334,False,
695,dd6325cf,MCTS_Score,8.1828,51,11,vertical_0,2023-08-03 14:56:49.699,False,
696,e1c56623,MCTS_Score,6.229187,75,0,cross_1,2023-08-04 04:34:41.208,False,
697,e1c56623,MCTS_Score,5.61688232,11,1,bomb_1,2023-08-04 04:34:46.939,False,
698,e1c56623,MCTS_Score,2.705017,18,2,cross_0,2023-08-04 04:34:49.781,False,
699,e1c56623,MCTS_Score,1.16760254,18,3,vertical_1,2023-08-04 04:34:51.081,False,
700,e1c56623,MCTS_Score,4.939392,7,4,bomb_0,2023-08-04 04:34:56.148,False,
701,e1c56623,MCTS_Score,17.7167358,36,5,vertical_0,2023-08-04 04:35:14.003,False,
702,e1c56623,MCTS_Score,4.02526855,75,6,horizon_1,2023-08-04 04:35:18.147,False,
703,e1c56623,MCTS_Score,8.863525,16,7,rocket_0,2023-08-04 04:35:27.156,False,
704,e1c56623,MCTS_Score,23.4362183,44,8,rainbow_0,2023-08-04 04:35:50.732,True,
705,e1c56623,MCTS_Score,14.8762207,49,9,rainbow_0,2023-08-04 04:36:05.735,False,
706,e1c56623,MCTS_Score,6.45068359,34,10,rocket_0,2023-08-04 04:36:12.316,False,
707,e1c56623,MCTS_Score,3.855774,88,11,horizon_0,2023-08-04 04:36:16.302,False,
708,f0c5a12b,MCTS_Score,6.502014,25,0,horizon_1,2023-08-04 04:31:18.341,False,
709,f0c5a12b,MCTS_Score,19.9630127,24,1,cross_0,2023-08-04 04:31:38.332,True,
710,f0c5a12b,MCTS_Score,9.000977,17,2,bomb_0,2023-08-04 04:31:47.352,False,
711,f0c5a12b,MCTS_Score,10.9580078,18,3,vertical_1,2023-08-04 04:31:58.338,False,
712,f0c5a12b,MCTS_Score,5.321045,75,4,cross_1,2023-08-04 04:32:03.681,False,
713,f0c5a12b,MCTS_Score,32.2539673,11,5,bomb_1,2023-08-04 04:32:35.959,False,
714,f0c5a12b,MCTS_Score,13.3759766,17,6,horizon_0,2023-08-04 04:32:49.354,False,
715,f0c5a12b,MCTS_Score,12.473999,81,7,rocket_0,2023-08-04 04:33:01.846,False,
716,f0c5a12b,MCTS_Score,19.9129639,19,8,rainbow_0,2023-08-04 04:33:21.803,False,
717,f0c5a12b,MCTS_Score,6.40698242,75,9,rocket_0,2023-08-04 04:33:28.233,False,
718,f0c5a12b,MCTS_Score,30.0639648,85,10,vertical_0,2023-08-04 04:33:58.331,False,
719,f0c5a12b,MCTS_Score,7.05102539,9,11,rainbow_0,2023-08-04 04:34:05.402,False,
732,01a81cfc,Random,8.645782,107,0,bomb_1,2023-08-04 04:38:32.879,True,
733,01a81cfc,Random,8.293396,116,1,bomb_0,2023-08-04 04:38:41.287,False,
734,01a81cfc,Random,9.477295,117,2,vertical_1,2023-08-04 04:38:50.880,False,
735,01a81cfc,Random,6.7164917,46,3,vertical_0,2023-08-04 04:38:57.707,False,
736,01a81cfc,Random,7.42419434,99,4,rocket_0,2023-08-04 04:39:05.246,False,
737,01a81cfc,Random,5.39880371,44,5,horizon_1,2023-08-04 04:39:10.756,False,
738,01a81cfc,Random,3.14099121,47,6,rainbow_0,2023-08-04 04:39:14.015,False,
739,01a81cfc,Random,3.17462158,46,7,cross_0,2023-08-04 04:39:17.319,False,
740,01a81cfc,Random,3.41311646,99,8,rocket_0,2023-08-04 04:39:20.842,False,
741,01a81cfc,Random,6.08358765,106,9,rainbow_0,2023-08-04 04:39:27.043,False,
742,01a81cfc,Random,2.96939087,75,10,cross_1,2023-08-04 04:39:30.126,False,
743,01a81cfc,Random,2.26968384,91,11,horizon_0,2023-08-04 04:39:32.500,False,
744,02de9ff0,Random,2.744629,44,0,rainbow_0,2023-08-04 04:47:56.534,True,
745,02de9ff0,Random,3.21789551,16,1,rocket_0,2023-08-04 04:47:59.861,False,
746,02de9ff0,Random,5.3883667,95,2,horizon_0,2023-08-04 04:48:05.358,False,
747,02de9ff0,Random,5.37542725,44,3,horizon_1,2023-08-04 04:48:10.848,False,
748,02de9ff0,Random,2.55828857,116,4,cross_1,2023-08-04 04:48:13.521,False,
749,02de9ff0,Random,3.36309814,29,5,bomb_0,2023-08-04 04:48:17.005,False,
750,02de9ff0,Random,2.78515625,44,6,rainbow_0,2023-08-04 04:48:19.902,True,
751,02de9ff0,Random,4.86749268,107,7,bomb_1,2023-08-04 04:48:24.896,True,
752,02de9ff0,Random,3.4934082,31,8,cross_0,2023-08-04 04:48:28.505,False,
753,02de9ff0,Random,3.62060547,51,9,rocket_0,2023-08-04 04:48:32.231,False,
754,02de9ff0,Random,6.18115234,121,10,vertical_0,2023-08-04 04:48:38.517,False,
755,02de9ff0,Random,5.56152344,117,11,vertical_1,2023-08-04 04:48:44.278,False,
756,138ff675,Random,48.8610229,65,0,horizon_1,2023-08-04 04:05:26.407,False,
757,138ff675,Random,15.9720459,31,1,cross_1,2023-08-04 04:05:42.655,False,
758,138ff675,Random,5.534973,25,2,vertical_1,2023-08-04 04:05:48.438,True,
759,138ff675,Random,17.2780151,63,3,cross_0,2023-08-04 04:06:05.983,False,
760,138ff675,Random,5.930969,113,4,vertical_0,2023-08-04 04:06:12.170,False,
761,138ff675,Random,6.080017,46,5,bomb_1,2023-08-04 04:06:18.254,False,
762,138ff675,Random,18.9489746,33,6,rocket_0,2023-08-04 04:06:37.467,False,
763,138ff675,Random,6.157959,75,7,horizon_0,2023-08-04 04:06:43.877,False,
764,138ff675,Random,8.346008,104,8,bomb_0,2023-08-04 04:06:52.447,False,
765,138ff675,Random,10.5290527,16,9,rocket_0,2023-08-04 04:07:03.238,False,
766,138ff675,Random,0.854980469,16,10,rainbow_0,2023-08-04 04:07:04.359,False,
767,138ff675,Random,4.68701172,84,11,rainbow_0,2023-08-04 04:07:09.313,False,
768,1f89ce40,Random,3.24679565,45,0,rocket_0,2023-08-04 04:33:12.356,False,
769,1f89ce40,Random,5.238098,17,1,bomb_0,2023-08-04 04:33:19.253,False,
770,1f89ce40,Random,3.42150879,106,2,rainbow_0,2023-08-04 04:33:22.838,False,
771,1f89ce40,Random,4.1763916,75,3,vertical_1,2023-08-04 04:33:27.191,False,
772,1f89ce40,Random,2.54159546,26,4,vertical_0,2023-08-04 04:33:29.897,False,
773,1f89ce40,Random,2.477417,116,5,rainbow_0,2023-08-04 04:33:32.561,False,
774,1f89ce40,Random,2.39678955,108,6,cross_0,2023-08-04 04:33:35.111,False,
775,1f89ce40,Random,3.828888,31,7,bomb_1,2023-08-04 04:33:39.113,False,
776,1f89ce40,Random,3.16439819,8,8,horizon_1,2023-08-04 04:33:42.435,False,
777,1f89ce40,Random,5.0335083,37,9,cross_1,2023-08-04 04:33:47.631,False,
778,1f89ce40,Random,2.53530884,46,10,horizon_0,2023-08-04 04:33:50.314,False,
779,1f89ce40,Random,2.47009277,40,11,rocket_0,2023-08-04 04:33:52.958,False,
780,2e7611c0,Random,4.45910645,83,0,horizon_0,2023-08-04 05:04:13.400,False,
781,2e7611c0,Random,11.9370728,31,1,bomb_1,2023-08-04 05:04:25.453,False,
782,2e7611c0,Random,14.828125,16,2,rocket_0,2023-08-04 05:04:40.414,False,
783,2e7611c0,Random,8.514587,98,3,bomb_0,2023-08-04 05:04:49.068,False,
784,2e7611c0,Random,4.484375,44,4,rainbow_0,2023-08-04 05:04:53.700,True,
785,2e7611c0,Random,9.892944,25,5,horizon_1,2023-08-04 05:05:03.725,False,
786,2e7611c0,Random,35.80194,114,6,vertical_0,2023-08-04 05:05:39.647,False,
787,2e7611c0,Random,10.1740112,99,7,rocket_0,2023-08-04 05:05:49.951,False,
788,2e7611c0,Random,6.96478271,99,8,cross_1,2023-08-04 05:05:57.049,False,
789,2e7611c0,Random,5.532593,31,9,cross_0,2023-08-04 05:06:02.712,False,
790,2e7611c0,Random,9.730896,18,10,vertical_1,2023-08-04 05:06:12.572,False,
791,2e7611c0,Random,4.59771729,116,11,rainbow_0,2023-08-04 05:06:17.303,False,
792,2ef9e3fc,Random,4.09170532,99,0,cross_1,2023-08-04 04:41:10.624,False,
793,2ef9e3fc,Random,2.56671143,116,1,rainbow_0,2023-08-04 04:41:13.330,False,
794,2ef9e3fc,Random,4.48309326,11,2,bomb_1,2023-08-04 04:41:17.984,False,
795,2ef9e3fc,Random,4.20010376,33,3,rocket_0,2023-08-04 04:41:22.363,False,
796,2ef9e3fc,Random,6.389282,104,4,bomb_0,2023-08-04 04:41:28.896,False,
797,2ef9e3fc,Random,6.10269165,25,5,cross_0,2023-08-04 04:41:35.176,False,
798,2ef9e3fc,Random,4.537018,44,6,vertical_1,2023-08-04 04:41:39.888,False,
799,2ef9e3fc,Random,6.82537842,51,7,horizon_0,2023-08-04 04:41:46.935,False,
800,2ef9e3fc,Random,3.03488159,92,8,rainbow_0,2023-08-04 04:41:50.134,False,
801,2ef9e3fc,Random,9.088593,18,9,horizon_1,2023-08-04 04:41:59.398,False,
802,2ef9e3fc,Random,5.5144043,81,10,rocket_0,2023-08-04 04:42:05.094,False,
803,2ef9e3fc,Random,2.731018,46,11,vertical_0,2023-08-04 04:42:07.977,False,
804,33667271,Random,184.232483,99,0,bomb_0,2023-08-04 14:13:54.176,False,
805,33667271,Random,0.260559082,99,1,rocket_0,2023-08-04 14:13:54.626,False,
806,33667271,Random,27.4432983,116,2,rainbow_0,2023-08-04 14:14:22.267,False,
807,33667271,Random,14.8397217,76,3,cross_0,2023-08-04 14:14:37.303,False,
808,33667271,Random,15.9943848,30,4,horizon_0,2023-08-04 14:14:53.486,False,
809,33667271,Random,8.390137,115,5,rocket_0,2023-08-04 14:15:02.064,False,
810,33667271,Random,8.088257,25,6,vertical_1,2023-08-04 14:15:10.341,True,
811,33667271,Random,2.23669434,117,7,rainbow_0,2023-08-04 14:15:12.772,False,
812,33667271,Random,28.269165,75,8,horizon_1,2023-08-04 14:15:41.229,False,
813,33667271,Random,0.450561523,18,9,cross_1,2023-08-04 14:15:41.868,False,
814,33667271,Random,4.83911133,107,10,bomb_1,2023-08-04 14:15:46.900,True,
815,33667271,Random,7.246704,121,11,vertical_0,2023-08-04 14:15:54.341,False,
816,3b6cbcf4,Random,7.521179,88,0,horizon_0,2023-08-04 04:25:54.069,False,
817,3b6cbcf4,Random,23.6361084,75,1,bomb_1,2023-08-04 04:26:17.844,False,
818,3b6cbcf4,Random,4.47579956,106,2,rainbow_0,2023-08-04 04:26:22.465,False,
819,3b6cbcf4,Random,13.2695923,75,3,horizon_1,2023-08-04 04:26:35.883,False,
820,3b6cbcf4,Random,6.87719727,29,4,bomb_0,2023-08-04 04:26:42.897,False,
821,3b6cbcf4,Random,9.394318,19,5,rainbow_0,2023-08-04 04:26:52.429,False,
822,3b6cbcf4,Random,14.7866211,1,6,vertical_0,2023-08-04 04:27:07.350,False,
823,3b6cbcf4,Random,5.28948975,16,7,rocket_0,2023-08-04 04:27:12.792,False,
824,3b6cbcf4,Random,4.54260254,8,8,vertical_1,2023-08-04 04:27:17.479,False,
825,3b6cbcf4,Random,5.84112549,63,9,cross_0,2023-08-04 04:27:23.479,False,
826,3b6cbcf4,Random,4.198395,75,10,cross_1,2023-08-04 04:27:27.821,False,
827,3b6cbcf4,Random,3.17160034,16,11,rocket_0,2023-08-04 04:27:31.132,False,
828,41d17f3a,Random,0.3008423,31,0,cross_1,2023-08-04 04:33:04.801,False,
829,41d17f3a,Random,48.348938,124,1,horizon_1,2023-08-04 04:33:53.289,True,
830,41d17f3a,Random,5.05603027,16,2,rocket_0,2023-08-04 04:33:58.473,False,
831,41d17f3a,Random,7.32421875,28,3,cross_0,2023-08-04 04:34:05.952,False,
832,41d17f3a,Random,6.442383,84,4,vertical_1,2023-08-04 04:34:12.532,False,
833,41d17f3a,Random,4.8795166,46,5,rocket_0,2023-08-04 04:34:17.552,False,
834,41d17f3a,Random,3.90509033,51,6,horizon_0,2023-08-04 04:34:21.585,False,
835,41d17f3a,Random,4.095459,104,7,bomb_0,2023-08-04 04:34:25.818,False,
836,41d17f3a,Random,5.49780273,84,8,rainbow_0,2023-08-04 04:34:31.472,False,
837,41d17f3a,Random,6.318115,44,9,rainbow_0,2023-08-04 04:34:37.932,True,
838,41d17f3a,Random,3.55523682,113,10,vertical_0,2023-08-04 04:34:41.633,False,
839,41d17f3a,Random,5.364502,115,11,bomb_1,2023-08-04 04:34:47.125,False,
840,616f7be1,Random,7.88659668,18,0,vertical_1,2023-08-04 01:24:37.222,False,
841,616f7be1,Random,20.6058044,75,1,cross_1,2023-08-04 01:24:57.889,False,
842,616f7be1,Random,4.780609,16,2,rocket_0,2023-08-04 01:25:02.742,False,
843,616f7be1,Random,47.06192,65,3,bomb_1,2023-08-04 01:25:49.872,False,
844,616f7be1,Random,13.7980042,46,4,vertical_0,2023-08-04 01:26:03.730,False,
845,616f7be1,Random,10.0513916,81,5,rocket_0,2023-08-04 01:26:13.846,False,
846,616f7be1,Random,4.777588,75,6,bomb_0,2023-08-04 01:26:18.687,False,
847,616f7be1,Random,5.003662,75,7,horizon_0,2023-08-04 01:26:23.746,False,
848,616f7be1,Random,6.062134,18,8,horizon_1,2023-08-04 01:26:29.869,False,
849,616f7be1,Random,3.87854,84,9,rainbow_0,2023-08-04 01:26:33.851,False,
850,616f7be1,Random,1.47332764,84,10,rainbow_0,2023-08-04 01:26:35.395,False,
851,616f7be1,Random,4.96588135,83,11,cross_0,2023-08-04 01:26:40.437,False,
852,6e1f1dc2,Random,45.0169678,8,0,bomb_1,2023-08-04 01:34:51.689,False,
853,6e1f1dc2,Random,4.9119873,8,1,horizon_1,2023-08-04 01:34:56.815,False,
854,6e1f1dc2,Random,4.77203369,75,2,cross_1,2023-08-04 01:35:01.796,False,
855,6e1f1dc2,Random,5.368042,81,3,rocket_0,2023-08-04 01:35:07.379,False,
856,6e1f1dc2,Random,13.1660156,0,4,cross_0,2023-08-04 01:35:20.766,False,
857,6e1f1dc2,Random,7.54400635,17,5,bomb_0,2023-08-04 01:35:28.526,False,
858,6e1f1dc2,Random,7.815979,17,6,horizon_0,2023-08-04 01:35:36.581,False,
859,6e1f1dc2,Random,29.0960083,1,7,vertical_0,2023-08-04 01:36:05.879,False,
860,6e1f1dc2,Random,16.81897,106,8,rainbow_0,2023-08-04 01:36:22.919,False,
861,6e1f1dc2,Random,4.060974,81,9,rocket_0,2023-08-04 01:36:27.211,False,
862,6e1f1dc2,Random,5.480957,116,10,vertical_1,2023-08-04 01:36:32.914,False,
863,6e1f1dc2,Random,8.099976,84,11,rainbow_0,2023-08-04 01:36:41.241,False,
864,7914a8c1,Random,18.5579834,32,0,cross_0,2023-08-04 02:16:09.057,False,
865,7914a8c1,Random,7.043091,65,1,vertical_1,2023-08-04 02:16:16.112,False,
866,7914a8c1,Random,9.868042,106,2,rainbow_0,2023-08-04 02:16:26.335,False,
867,7914a8c1,Random,8.733032,11,3,rocket_0,2023-08-04 02:16:35.404,False,
868,7914a8c1,Random,0.7890625,11,4,bomb_0,2023-08-04 02:16:36.206,False,
869,7914a8c1,Random,3.1159668,75,5,horizon_1,2023-08-04 02:16:39.329,False,
870,7914a8c1,Random,8.089966,65,6,bomb_1,2023-08-04 02:16:47.772,False,
871,7914a8c1,Random,9.284912,30,7,horizon_0,2023-08-04 02:16:57.391,False,
872,7914a8c1,Random,4.958008,106,8,rainbow_0,2023-08-04 02:17:02.750,False,
873,7914a8c1,Random,18.91394,8,9,cross_1,2023-08-04 02:17:22.094,False,
874,7914a8c1,Random,19.6850586,15,10,vertical_0,2023-08-04 02:17:41.804,True,
875,7914a8c1,Random,8.7109375,16,11,rocket_0,2023-08-04 02:17:50.844,False,
876,8ca3670c,Random,4.76098633,81,0,bomb_0,2023-08-04 04:26:09.854,False,
877,8ca3670c,Random,11.4940186,51,1,vertical_0,2023-08-04 04:26:22.050,False,
878,8ca3670c,Random,5.391968,121,2,rocket_0,2023-08-04 04:26:27.760,False,
879,8ca3670c,Random,10.7369385,26,3,rainbow_0,2023-08-04 04:26:38.797,False,
880,8ca3670c,Random,4.93798828,18,4,horizon_1,2023-08-04 04:26:43.743,False,
881,8ca3670c,Random,7.630005,106,5,rainbow_0,2023-08-04 04:26:51.386,False,
882,8ca3670c,Random,10.7401123,18,6,vertical_1,2023-08-04 04:27:02.418,False,
883,8ca3670c,Random,5.001953,31,7,bomb_1,2023-08-04 04:27:07.709,False,
884,8ca3670c,Random,23.73108,88,8,horizon_0,2023-08-04 04:27:31.736,False,
885,8ca3670c,Random,5.947998,51,9,cross_1,2023-08-04 04:27:37.987,False,
886,8ca3670c,Random,5.637085,16,10,rocket_0,2023-08-04 04:27:43.975,False,
887,8ca3670c,Random,15.8110352,28,11,cross_0,2023-08-04 04:28:00.091,False,
888,8e67e602,Random,4.2276,121,0,horizon_0,2023-08-04 02:27:37.520,True,
889,8e67e602,Random,17.0916748,18,1,vertical_1,2023-08-04 02:27:54.754,False,
890,8e67e602,Random,5.96472168,11,2,bomb_1,2023-08-04 02:28:00.853,False,
891,8e67e602,Random,2.96929932,18,3,horizon_1,2023-08-04 02:28:03.959,False,
892,8e67e602,Random,3.748291,121,4,vertical_0,2023-08-04 02:28:07.840,False,
893,8e67e602,Random,4.558716,44,5,cross_0,2023-08-04 02:28:12.541,False,
894,8e67e602,Random,2.74365234,121,6,rocket_0,2023-08-04 02:28:15.425,False,
895,8e67e602,Random,3.868103,58,7,cross_1,2023-08-04 02:28:19.434,False,
896,8e67e602,Random,3.1395874,44,8,rainbow_0,2023-08-04 02:28:22.716,True,
897,8e67e602,Random,2.730896,104,9,bomb_0,2023-08-04 02:28:25.587,False,
898,8e67e602,Random,2.46344,121,10,rocket_0,2023-08-04 02:28:28.194,False,
899,8e67e602,Random,5.198059,49,11,rainbow_0,2023-08-04 02:28:33.533,False,
900,90a9f284,Random,7.14361572,124,0,horizon_1,2023-08-04 06:21:21.961,True,
901,90a9f284,Random,2.1980896,44,1,cross_0,2023-08-04 06:21:24.288,False,
902,90a9f284,Random,3.45599365,46,2,vertical_0,2023-08-04 06:21:27.858,False,
903,90a9f284,Random,3.1756897,106,3,rainbow_0,2023-08-04 06:21:31.159,False,
904,90a9f284,Random,2.93969727,25,4,vertical_1,2023-08-04 06:21:34.211,True,
905,90a9f284,Random,2.805481,121,5,horizon_0,2023-08-04 06:21:37.139,True,
906,90a9f284,Random,0.7529907,121,6,rocket_0,2023-08-04 06:21:38.015,False,
907,90a9f284,Random,3.381195,44,7,rocket_0,2023-08-04 06:21:41.524,False,
908,90a9f284,Random,3.38900757,30,8,cross_1,2023-08-04 06:21:45.031,False,
909,90a9f284,Random,4.63150024,106,9,rainbow_0,2023-08-04 06:21:49.789,False,
910,90a9f284,Random,2.52319336,106,10,bomb_0,2023-08-04 06:21:52.430,False,
911,90a9f284,Random,2.60559082,31,11,bomb_1,2023-08-04 06:21:55.158,False,
912,939c5686,Random,16.2580566,65,0,vertical_1,2023-08-04 01:35:46.709,False,
913,939c5686,Random,16.434082,116,1,rainbow_0,2023-08-04 01:36:03.448,False,
914,939c5686,Random,30.1040039,83,2,cross_0,2023-08-04 01:36:33.820,False,
915,939c5686,Random,12.38501,16,3,rocket_0,2023-08-04 01:36:46.209,False,
916,939c5686,Random,3.60302734,16,4,rocket_0,2023-08-04 01:36:49.819,False,
917,939c5686,Random,25.0019531,15,5,vertical_0,2023-08-04 01:37:14.826,True,
918,939c5686,Random,13.5140381,98,6,cross_1,2023-08-04 01:37:28.599,False,
919,939c5686,Random,0.665039063,98,7,bomb_0,2023-08-04 01:37:29.544,False,
920,939c5686,Random,13.6419678,19,8,rainbow_0,2023-08-04 01:37:43.451,False,
921,939c5686,Random,27.6690674,75,9,horizon_1,2023-08-04 01:38:11.432,False,
922,939c5686,Random,20.6920166,31,10,bomb_1,2023-08-04 01:38:32.127,False,
923,939c5686,Random,6.706909,75,11,horizon_0,2023-08-04 01:38:39.103,False,
924,a4c03771,Random,42.3259277,121,0,rocket_0,2023-08-04 14:05:08.541,False,
925,a4c03771,Random,18.5932617,117,1,rainbow_0,2023-08-04 14:05:27.236,False,
926,a4c03771,Random,15.7236328,65,2,vertical_1,2023-08-04 14:05:43.072,False,
927,a4c03771,Random,12.6313477,110,3,bomb_1,2023-08-04 14:05:55.818,False,
928,a4c03771,Random,20.5692139,81,4,rocket_0,2023-08-04 14:06:16.526,False,
929,a4c03771,Random,13.5228271,35,5,vertical_0,2023-08-04 14:06:30.153,False,
930,a4c03771,Random,7.59667969,121,6,horizon_0,2023-08-04 14:06:37.865,True,
931,a4c03771,Random,4.293335,58,7,cross_1,2023-08-04 14:06:42.263,False,
932,a4c03771,Random,5.39001465,0,8,cross_0,2023-08-04 14:06:47.763,False,
933,a4c03771,Random,3.40625,44,9,rainbow_0,2023-08-04 14:06:51.279,True,
934,a4c03771,Random,8.021606,53,10,horizon_1,2023-08-04 14:06:59.412,False,
935,a4c03771,Random,3.40930176,64,11,bomb_0,2023-08-04 14:07:02.936,False,
936,a4c2fb48,Random,4.683075,17,0,horizon_0,2023-08-04 04:27:10.323,False,
937,a4c2fb48,Random,8.793579,8,1,horizon_1,2023-08-04 04:27:19.243,False,
938,a4c2fb48,Random,11.8608093,115,2,bomb_1,2023-08-04 04:27:31.221,False,
939,a4c2fb48,Random,6.899994,31,3,cross_1,2023-08-04 04:27:38.249,False,
940,a4c2fb48,Random,8.606903,83,4,rainbow_0,2023-08-04 04:27:46.983,False,
941,a4c2fb48,Random,9.145905,26,5,vertical_0,2023-08-04 04:27:56.260,False,
942,a4c2fb48,Random,4.937195,44,6,rainbow_0,2023-08-04 04:28:01.327,True,
943,a4c2fb48,Random,14.6672058,34,7,bomb_0,2023-08-04 04:28:16.120,False,
944,a4c2fb48,Random,4.475189,16,8,rocket_0,2023-08-04 04:28:20.722,False,
945,a4c2fb48,Random,8.375183,18,9,vertical_1,2023-08-04 04:28:29.228,False,
946,a4c2fb48,Random,4.121887,75,10,rocket_0,2023-08-04 04:28:33.475,False,
947,a4c2fb48,Random,9.111511,63,11,cross_0,2023-08-04 04:28:42.730,False,
948,ac3608e8,Random,5.75811768,15,0,horizon_0,2023-08-04 04:23:28.215,False,
949,ac3608e8,Random,7.220459,106,1,rainbow_0,2023-08-04 04:23:36.130,False,
950,ac3608e8,Random,10.4820557,16,2,rocket_0,2023-08-04 04:23:46.809,False,
951,ac3608e8,Random,4.19372559,18,3,vertical_1,2023-08-04 04:23:51.153,False,
952,ac3608e8,Random,5.21569824,81,4,rocket_0,2023-08-04 04:23:56.609,False,
953,ac3608e8,Random,4.03204346,38,5,cross_1,2023-08-04 04:24:00.817,False,
954,ac3608e8,Random,11.1652222,107,6,bomb_1,2023-08-04 04:24:12.133,True,
955,ac3608e8,Random,5.581726,17,7,bomb_0,2023-08-04 04:24:17.937,False,
956,ac3608e8,Random,9.400513,46,8,vertical_0,2023-08-04 04:24:27.537,False,
957,ac3608e8,Random,7.50604248,92,9,rainbow_0,2023-08-04 04:24:35.237,False,
958,ac3608e8,Random,6.099121,24,10,cross_0,2023-08-04 04:24:41.346,True,
959,ac3608e8,Random,6.251526,8,11,horizon_1,2023-08-04 04:24:47.605,False,
960,b0fec75f,Random,65.09967,116,0,vertical_1,2023-08-04 04:40:04.864,False,
961,b0fec75f,Random,10.0219727,46,1,cross_0,2023-08-04 04:40:15.003,False,
962,b0fec75f,Random,23.1795654,99,2,cross_1,2023-08-04 04:40:38.298,False,
963,b0fec75f,Random,7.82489,121,3,rocket_0,2023-08-04 04:40:46.240,False,
964,b0fec75f,Random,2.09265137,121,4,vertical_0,2023-08-04 04:40:48.443,False,
965,b0fec75f,Random,12.1834106,44,5,horizon_1,2023-08-04 04:41:00.740,False,
966,b0fec75f,Random,15.9431152,40,6,bomb_0,2023-08-04 04:41:16.795,False,
967,b0fec75f,Random,21.4910889,46,7,bomb_1,2023-08-04 04:41:38.390,False,
968,b0fec75f,Random,6.522583,44,8,rainbow_0,2023-08-04 04:41:45.029,True,
969,b0fec75f,Random,3.81640625,44,9,rainbow_0,2023-08-04 04:41:48.961,True,
970,b0fec75f,Random,10.0467529,86,10,horizon_0,2023-08-04 04:41:59.111,False,
971,b0fec75f,Random,6.501343,34,11,rocket_0,2023-08-04 04:42:05.727,False,
972,b39f428f,Random,2.19400024,107,0,horizon_0,2023-08-04 06:22:06.266,False,
973,b39f428f,Random,7.626007,25,1,horizon_1,2023-08-04 06:22:13.963,False,
974,b39f428f,Random,8.109009,38,2,cross_1,2023-08-04 06:22:22.147,False,
975,b39f428f,Random,3.26300049,16,3,rocket_0,2023-08-04 06:22:25.432,False,
976,b39f428f,Random,5.69000244,16,4,rocket_0,2023-08-04 06:22:31.172,False,
977,b39f428f,Random,8.363007,116,5,vertical_1,2023-08-04 06:22:39.555,False,
978,b39f428f,Random,6.019989,17,6,bomb_0,2023-08-04 06:22:45.596,False,
979,b39f428f,Random,14.7590027,15,7,vertical_0,2023-08-04 06:23:00.373,True,
980,b39f428f,Random,3.51699829,8,8,bomb_1,2023-08-04 06:23:03.970,False,
981,b39f428f,Random,3.43600464,84,9,rainbow_0,2023-08-04 06:23:07.439,False,
982,b39f428f,Random,7.41299438,92,10,rainbow_0,2023-08-04 06:23:14.943,False,
983,b39f428f,Random,5.93899536,108,11,cross_0,2023-08-04 06:23:20.938,False,
984,b9281613,Random,9.404175,51,0,bomb_0,2023-08-04 04:48:40.394,False,
985,b9281613,Random,25.7873535,31,1,bomb_1,2023-08-04 04:49:06.361,False,
986,b9281613,Random,8.872803,124,2,horizon_0,2023-08-04 04:49:15.414,False,
987,b9281613,Random,4.77185059,106,3,rainbow_0,2023-08-04 04:49:20.376,False,
988,b9281613,Random,10.5986328,116,4,cross_1,2023-08-04 04:49:31.171,False,
989,b9281613,Random,7.50622559,24,5,cross_0,2023-08-04 04:49:38.865,True,
990,b9281613,Random,18.70935,65,6,horizon_1,2023-08-04 04:49:57.739,False,
991,b9281613,Random,4.88244629,1,7,vertical_0,2023-08-04 04:50:02.796,False,
992,b9281613,Random,6.28869629,65,8,vertical_1,2023-08-04 04:50:09.262,False,
993,b9281613,Random,7.1192627,60,9,rocket_0,2023-08-04 04:50:16.548,False,
994,b9281613,Random,4.22631836,117,10,rainbow_0,2023-08-04 04:50:20.953,False,
995,b9281613,Random,3.300415,60,11,rocket_0,2023-08-04 04:50:24.413,False,
996,bdefdf74,Random,8.920898,46,0,vertical_0,2023-08-04 04:27:42.074,False,
997,bdefdf74,Random,9.051758,26,1,rainbow_0,2023-08-04 04:28:11.550,False,
998,bdefdf74,Random,5.23138428,40,2,rocket_0,2023-08-04 04:28:16.952,False,
999,bdefdf74,Random,4.281006,75,3,cross_1,2023-08-04 04:28:21.406,False,
1000,bdefdf74,Random,1.10437012,75,4,rocket_0,2023-08-04 04:28:22.686,False,
1001,bdefdf74,Random,11.44342,117,5,rainbow_0,2023-08-04 04:28:34.254,False,
1002,bdefdf74,Random,12.6304932,110,6,bomb_1,2023-08-04 04:28:47.056,False,
1003,bdefdf74,Random,7.30987549,65,7,vertical_1,2023-08-04 04:28:54.535,False,
1004,bdefdf74,Random,4.357788,63,8,cross_0,2023-08-04 04:28:59.046,False,
1005,bdefdf74,Random,3.93609619,88,9,horizon_0,2023-08-04 04:29:03.139,False,
1006,bdefdf74,Random,9.710693,34,10,bomb_0,2023-08-04 04:29:12.982,False,
1007,bdefdf74,Random,15.9748535,18,11,horizon_1,2023-08-04 04:29:29.097,False,
1008,cd7e2c34,Random,7.14007568,91,0,cross_0,2023-08-04 04:41:41.373,False,
1009,cd7e2c34,Random,12.70459,44,1,vertical_1,2023-08-04 04:41:54.291,False,
1010,cd7e2c34,Random,3.86395264,44,2,rainbow_0,2023-08-04 04:41:58.314,True,
1011,cd7e2c34,Random,4.690796,123,3,horizon_0,2023-08-04 04:42:03.213,False,
1012,cd7e2c34,Random,4.47827148,51,4,cross_1,2023-08-04 04:42:07.901,False,
1013,cd7e2c34,Random,12.3544922,25,5,horizon_1,2023-08-04 04:42:20.403,False,
1014,cd7e2c34,Random,7.135742,21,6,bomb_0,2023-08-04 04:42:27.703,False,
1015,cd7e2c34,Random,9.244141,121,7,vertical_0,2023-08-04 04:42:37.200,False,
1016,cd7e2c34,Random,12.3074951,81,8,rocket_0,2023-08-04 04:42:49.785,False,
1017,cd7e2c34,Random,3.47460938,30,9,rainbow_0,2023-08-04 04:42:53.481,False,
1018,cd7e2c34,Random,3.6875,51,10,rocket_0,2023-08-04 04:42:57.333,False,
1019,cd7e2c34,Random,4.3951416,31,11,bomb_1,2023-08-04 04:43:01.948,False,
1020,d60101ee,Random,4.64306641,16,0,rocket_0,2023-08-04 10:27:02.614,False,
1021,d60101ee,Random,11.5491943,124,1,horizon_1,2023-08-04 10:27:14.289,True,
1022,d60101ee,Random,4.49731445,16,2,rocket_0,2023-08-04 10:27:18.929,False,
1023,d60101ee,Random,16.0675049,107,3,bomb_1,2023-08-04 10:27:35.126,True,
1024,d60101ee,Random,6.55981445,84,4,rainbow_0,2023-08-04 10:27:41.816,False,
1025,d60101ee,Random,18.2205811,46,5,vertical_0,2023-08-04 10:28:00.174,False,
1026,d60101ee,Random,4.347168,91,6,cross_0,2023-08-04 10:28:04.655,False,
1027,d60101ee,Random,8.629272,98,7,bomb_0,2023-08-04 10:28:13.413,False,
1028,d60101ee,Random,5.75964355,91,8,horizon_0,2023-08-04 10:28:19.335,False,
1029,d60101ee,Random,4.102417,37,9,cross_1,2023-08-04 10:28:23.566,False,
1030,d60101ee,Random,12.1867676,84,10,rainbow_0,2023-08-04 10:28:35.889,False,
1031,d60101ee,Random,12.4130859,84,11,vertical_1,2023-08-04 10:28:48.438,False,
1032,d84e41a6,Random,6.08392334,16,0,rocket_0,2023-08-04 06:23:04.079,False,
1033,d84e41a6,Random,3.19619751,18,1,vertical_1,2023-08-04 06:23:07.399,False,
1034,d84e41a6,Random,3.6539917,106,2,rainbow_0,2023-08-04 06:23:11.170,False,
1035,d84e41a6,Random,3.20639038,51,3,horizon_0,2023-08-04 06:23:14.492,False,
1036,d84e41a6,Random,3.29888916,106,4,cross_0,2023-08-04 06:23:17.926,False,
1037,d84e41a6,Random,5.238617,38,5,bomb_0,2023-08-04 06:23:23.283,False,
1038,d84e41a6,Random,3.18887329,18,6,horizon_1,2023-08-04 06:23:26.604,False,
1039,d84e41a6,Random,4.22409058,40,7,rocket_0,2023-08-04 06:23:30.948,False,
1040,d84e41a6,Random,7.57220459,31,8,bomb_1,2023-08-04 06:23:38.659,False,
1041,d84e41a6,Random,7.76528931,44,9,rainbow_0,2023-08-04 06:23:46.553,True,
1042,d84e41a6,Random,4.9546814,121,10,vertical_0,2023-08-04 06:23:51.640,False,
1043,d84e41a6,Random,2.79422,116,11,cross_1,2023-08-04 06:23:54.548,False,
1044,e251b4cb,Random,5.479187,121,0,vertical_0,2023-07-28 20:14:14.128,False,
1045,e251b4cb,Random,5.69561768,81,1,rocket_0,2023-07-28 20:14:26.008,False,
1046,e251b4cb,Random,10.1277771,44,2,horizon_1,2023-07-28 20:14:36.276,False,
1047,e251b4cb,Random,4.30999756,44,3,cross_0,2023-07-28 20:14:40.707,False,
1048,e251b4cb,Random,3.40390015,16,4,rocket_0,2023-07-28 20:14:44.235,False,
1049,e251b4cb,Random,6.736206,31,5,bomb_1,2023-07-28 20:14:51.082,False,
1050,e251b4cb,Random,4.64990234,113,6,rainbow_0,2023-07-28 20:14:55.860,False,
1051,e251b4cb,Random,4.561157,116,7,cross_1,2023-07-28 20:15:00.527,False,
1052,e251b4cb,Random,6.904663,54,8,rainbow_0,2023-07-28 20:15:07.555,False,
1053,e251b4cb,Random,4.79919434,51,9,horizon_0,2023-07-28 20:15:12.462,False,
1054,e251b4cb,Random,2.27032471,51,10,bomb_0,2023-07-28 20:15:14.855,False,
1055,e251b4cb,Random,6.885315,117,11,vertical_1,2023-07-28 20:15:21.864,False,
1056,e39a4439,Random,3.36199951,99,0,cross_1,2023-08-04 05:06:19.155,False,
1057,e39a4439,Random,13.6750183,124,1,horizon_1,2023-08-04 05:06:32.970,True,
1058,e39a4439,Random,5.540497,46,2,cross_0,2023-08-04 05:06:38.665,False,
1059,e39a4439,Random,3.85821533,116,3,rainbow_0,2023-08-04 05:06:42.703,False,
1060,e39a4439,Random,1.12802124,116,4,rocket_0,2023-08-04 05:06:43.984,False,
1061,e39a4439,Random,2.9928894,44,5,rainbow_0,2023-08-04 05:06:47.128,True,
1062,e39a4439,Random,10.9041138,116,6,rocket_0,2023-08-04 05:06:58.181,False,
1063,e39a4439,Random,1.8487854,51,7,bomb_0,2023-08-04 05:07:00.163,False,
1064,e39a4439,Random,5.306793,56,8,horizon_0,2023-08-04 05:07:05.608,False,
1065,e39a4439,Random,4.10079956,92,9,vertical_0,2023-08-04 05:07:09.861,False,
1066,e39a4439,Random,3.25509644,107,10,bomb_1,2023-08-04 05:07:13.261,True,
1067,e39a4439,Random,12.0097046,25,11,vertical_1,2023-08-04 05:07:25.420,True,
1068,e76665a7,Random,296.9538,107,0,bomb_1,2023-08-04 14:40:17.138,True,
1069,e76665a7,Random,2.99511719,116,1,cross_1,2023-08-04 14:40:20.219,False,
1070,e76665a7,Random,1.45697021,126,2,horizon_0,2023-08-04 14:40:21.758,False,
1071,e76665a7,Random,21.88092,84,3,vertical_1,2023-08-04 14:40:43.734,False,
1072,e76665a7,Random,2.96643066,47,4,bomb_0,2023-08-04 14:40:46.816,False,
1073,e76665a7,Random,0.5670166,116,5,rocket_0,2023-08-04 14:40:47.488,False,
1074,e76665a7,Random,2.31048584,117,6,vertical_0,2023-08-04 14:40:49.900,False,
1075,e76665a7,Random,2.51757813,117,7,rainbow_0,2023-08-04 14:40:52.529,False,
1076,e76665a7,Random,0.536499,54,8,rainbow_0,2023-08-04 14:40:53.187,False,
1077,e76665a7,Random,4.298523,84,9,horizon_1,2023-08-04 14:40:57.603,False,
1078,e76665a7,Random,3.63409424,99,10,rocket_0,2023-08-04 14:41:01.347,False,
1079,e76665a7,Random,1.64300537,32,11,cross_0,2023-08-04 14:41:03.096,False,
1080,f2585b45,Random,22.3375244,116,0,rocket_0,2023-08-04 04:25:45.696,False,
1081,f2585b45,Random,3.39129639,24,1,cross_0,2023-08-04 04:25:49.255,True,
1082,f2585b45,Random,3.93139648,84,2,rainbow_0,2023-08-04 04:25:53.398,False,
1083,f2585b45,Random,7.021057,36,3,vertical_0,2023-08-04 04:26:00.595,False,
1084,f2585b45,Random,4.57782,44,4,rainbow_0,2023-08-04 04:26:05.360,True,
1085,f2585b45,Random,13.4226074,124,5,horizon_1,2023-08-04 04:26:18.969,True,
1086,f2585b45,Random,7.00970459,25,6,vertical_1,2023-08-04 04:26:26.135,True,
1087,f2585b45,Random,4.50268555,91,7,horizon_0,2023-08-04 04:26:30.833,False,
1088,f2585b45,Random,3.60809326,47,8,rocket_0,2023-08-04 04:26:34.568,False,
1089,f2585b45,Random,8.557922,64,9,bomb_0,2023-08-04 04:26:43.309,False,
1090,f2585b45,Random,4.364685,110,10,bomb_1,2023-08-04 04:26:47.868,False,
1091,f2585b45,Random,5.99700928,99,11,cross_1,2023-08-04 04:26:54.042,False,
1104,f6a7f177,Random,8.171631,75,0,rocket_0,2023-08-04 03:48:17.331,False,
1105,f6a7f177,Random,3.147461,7,1,bomb_0,2023-08-04 03:48:20.731,False,
1106,f6a7f177,Random,4.996582,97,2,vertical_0,2023-08-04 03:48:25.985,False,
1107,f6a7f177,Random,7.625244,18,3,horizon_1,2023-08-04 03:48:33.862,False,
1108,f6a7f177,Random,17.81836,10,4,rainbow_0,2023-08-04 03:48:51.687,False,
1109,f6a7f177,Random,0.654785156,10,5,rainbow_0,2023-08-04 03:48:52.608,False,
1110,f6a7f177,Random,12.8519287,75,6,cross_1,2023-08-04 03:49:05.711,False,
1111,f6a7f177,Random,1.973877,75,7,vertical_1,2023-08-04 03:49:07.690,False,
1112,f6a7f177,Random,21.7336426,75,8,bomb_1,2023-08-04 03:49:29.681,False,
1113,f6a7f177,Random,3.56726074,63,9,cross_0,2023-08-04 03:49:33.508,False,
1114,f6a7f177,Random,12.7819824,75,10,rocket_0,2023-08-04 03:49:46.552,False,
1115,f6a7f177,Random,0.923706055,75,11,horizon_0,2023-08-04 03:49:47.731,False,
1116,fab90c3f,Random,4.75274658,98,0,cross_1,2023-08-04 04:31:08.962,False,
1117,fab90c3f,Random,6.00646973,75,1,rocket_0,2023-08-04 04:31:15.121,False,
1118,fab90c3f,Random,2.9163208,31,2,bomb_1,2023-08-04 04:31:18.164,False,
1119,fab90c3f,Random,7.482605,101,3,bomb_0,2023-08-04 04:31:25.771,False,
1120,fab90c3f,Random,17.8306885,117,4,vertical_0,2023-08-04 04:31:43.768,False,
1121,fab90c3f,Random,2.527649,91,5,cross_0,2023-08-04 04:31:46.434,False,
1122,fab90c3f,Random,18.9845581,44,6,rainbow_0,2023-08-04 04:32:05.538,True,
1123,fab90c3f,Random,16.2814941,44,7,rainbow_0,2023-08-04 04:32:21.943,True,
1124,fab90c3f,Random,3.80633545,91,8,horizon_0,2023-08-04 04:32:25.886,False,
1125,fab90c3f,Random,5.57885742,117,9,vertical_1,2023-08-04 04:32:31.607,False,
1126,fab90c3f,Random,4.967407,18,10,horizon_1,2023-08-04 04:32:36.705,False,
1127,fab90c3f,Random,4.03735352,51,11,rocket_0,2023-08-04 04:32:40.855,False,
1128,fda381bb,Random,6.53097534,48,0,horizon_0,2023-08-04 04:27:04.732,False,
1129,fda381bb,Random,9.560608,16,1,rocket_0,2023-08-04 04:27:14.480,False,
1130,fda381bb,Random,9.49408,117,2,vertical_1,2023-08-04 04:27:24.164,False,
1131,fda381bb,Random,0.5634155,117,3,rainbow_0,2023-08-04 04:27:24.906,False,
1132,fda381bb,Random,0.7744751,117,4,vertical_0,2023-08-04 04:27:25.860,False,
1133,fda381bb,Random,12.0404053,75,5,cross_1,2023-08-04 04:27:38.081,False,
1134,fda381bb,Random,8.643433,10,6,rainbow_0,2023-08-04 04:27:46.900,False,
1135,fda381bb,Random,8.419983,40,7,bomb_0,2023-08-04 04:27:55.500,False,
1136,fda381bb,Random,3.13250732,16,8,rocket_0,2023-08-04 04:27:58.819,False,
1137,fda381bb,Random,10.9125366,8,9,bomb_1,2023-08-04 04:28:09.880,False,
1138,fda381bb,Random,0.9603882,8,10,horizon_1,2023-08-04 04:28:11.018,False,
1139,fda381bb,Random,11.8825073,53,11,cross_0,2023-08-04 04:28:23.053,False,
